#ell		tomo_i	tomo_j	Cell_kappakappa
2.0000000000e+00	1		1		1.122605e-08			
2.0000000000e+00	1		2		1.350662e-08			
2.0000000000e+00	1		3		1.414071e-08			
2.0000000000e+00	1		4		1.453491e-08			
2.0000000000e+00	1		5		1.484708e-08			
2.0000000000e+00	1		6		1.518571e-08			
2.0000000000e+00	2		1		1.350662e-08			
2.0000000000e+00	2		2		1.730766e-08			
2.0000000000e+00	2		3		1.853188e-08			
2.0000000000e+00	2		4		1.928625e-08			
2.0000000000e+00	2		5		1.988415e-08			
2.0000000000e+00	2		6		2.053285e-08			
2.0000000000e+00	3		1		1.414071e-08			
2.0000000000e+00	3		2		1.853188e-08			
2.0000000000e+00	3		3		2.016024e-08			
2.0000000000e+00	3		4		2.117595e-08			
2.0000000000e+00	3		5		2.197539e-08			
2.0000000000e+00	3		6		2.284349e-08			
2.0000000000e+00	4		1		1.453491e-08			
2.0000000000e+00	4		2		1.928625e-08			
2.0000000000e+00	4		3		2.117595e-08			
2.0000000000e+00	4		4		2.244069e-08			
2.0000000000e+00	4		5		2.343536e-08			
2.0000000000e+00	4		6		2.450985e-08			
2.0000000000e+00	5		1		1.484708e-08			
2.0000000000e+00	5		2		1.988415e-08			
2.0000000000e+00	5		3		2.197539e-08			
2.0000000000e+00	5		4		2.343536e-08			
2.0000000000e+00	5		5		2.465129e-08			
2.0000000000e+00	5		6		2.595918e-08			
2.0000000000e+00	6		1		1.518571e-08			
2.0000000000e+00	6		2		2.053285e-08			
2.0000000000e+00	6		3		2.284349e-08			
2.0000000000e+00	6		4		2.450985e-08			
2.0000000000e+00	6		5		2.595918e-08			
2.0000000000e+00	6		6		2.762533e-08			
2.1796829600e+00	1		1		1.223378e-08			
2.1796829600e+00	1		2		1.479022e-08			
2.1796829600e+00	1		3		1.550216e-08			
2.1796829600e+00	1		4		1.594475e-08			
2.1796829600e+00	1		5		1.629525e-08			
2.1796829600e+00	1		6		1.667548e-08			
2.1796829600e+00	2		1		1.479022e-08			
2.1796829600e+00	2		2		1.907734e-08			
2.1796829600e+00	2		3		2.046245e-08			
2.1796829600e+00	2		4		2.131586e-08			
2.1796829600e+00	2		5		2.199225e-08			
2.1796829600e+00	2		6		2.272614e-08			
2.1796829600e+00	3		1		1.550216e-08			
2.1796829600e+00	3		2		2.046245e-08			
2.1796829600e+00	3		3		2.231036e-08			
2.1796829600e+00	3		4		2.346309e-08			
2.1796829600e+00	3		5		2.437029e-08			
2.1796829600e+00	3		6		2.535543e-08			
2.1796829600e+00	4		1		1.594475e-08			
2.1796829600e+00	4		2		2.131586e-08			
2.1796829600e+00	4		3		2.346309e-08			
2.1796829600e+00	4		4		2.490146e-08			
2.1796829600e+00	4		5		2.603259e-08			
2.1796829600e+00	4		6		2.725444e-08			
2.1796829600e+00	5		1		1.629525e-08			
2.1796829600e+00	5		2		2.199225e-08			
2.1796829600e+00	5		3		2.437029e-08			
2.1796829600e+00	5		4		2.603259e-08			
2.1796829600e+00	5		5		2.741778e-08			
2.1796829600e+00	5		6		2.890760e-08			
2.1796829600e+00	6		1		1.667548e-08			
2.1796829600e+00	6		2		2.272614e-08			
2.1796829600e+00	6		3		2.535543e-08			
2.1796829600e+00	6		4		2.725444e-08			
2.1796829600e+00	6		5		2.890760e-08			
2.1796829600e+00	6		6		3.080913e-08			
2.3755089030e+00	1		1		1.314238e-08			
2.3755089030e+00	1		2		1.596924e-08			
2.3755089030e+00	1		3		1.675782e-08			
2.3755089030e+00	1		4		1.724807e-08			
2.3755089030e+00	1		5		1.763631e-08			
2.3755089030e+00	1		6		1.805748e-08			
2.3755089030e+00	2		1		1.596924e-08			
2.3755089030e+00	2		2		2.074084e-08			
2.3755089030e+00	2		3		2.228762e-08			
2.3755089030e+00	2		4		2.324051e-08			
2.3755089030e+00	2		5		2.399577e-08			
2.3755089030e+00	2		6		2.481522e-08			
2.3755089030e+00	3		1		1.675782e-08			
2.3755089030e+00	3		2		2.228762e-08			
2.3755089030e+00	3		3		2.435786e-08			
2.3755089030e+00	3		4		2.564934e-08			
2.3755089030e+00	3		5		2.666566e-08			
2.3755089030e+00	3		6		2.776932e-08			
2.3755089030e+00	4		1		1.724807e-08			
2.3755089030e+00	4		2		2.324051e-08			
2.3755089030e+00	4		3		2.564934e-08			
2.3755089030e+00	4		4		2.726448e-08			
2.3755089030e+00	4		5		2.853452e-08			
2.3755089030e+00	4		6		2.990635e-08			
2.3755089030e+00	5		1		1.763631e-08			
2.3755089030e+00	5		2		2.399577e-08			
2.3755089030e+00	5		3		2.666566e-08			
2.3755089030e+00	5		4		2.853452e-08			
2.3755089030e+00	5		5		3.009274e-08			
2.3755089030e+00	5		6		3.176852e-08			
2.3755089030e+00	6		1		1.805748e-08			
2.3755089030e+00	6		2		2.481522e-08			
2.3755089030e+00	6		3		2.776932e-08			
2.3755089030e+00	6		4		2.990635e-08			
2.3755089030e+00	6		5		3.176852e-08			
2.3755089030e+00	6		6		3.391173e-08			
2.5889281386e+00	1		1		1.395042e-08			
2.5889281386e+00	1		2		1.704111e-08			
2.5889281386e+00	1		3		1.790485e-08			
2.5889281386e+00	1		4		1.844182e-08			
2.5889281386e+00	1		5		1.886707e-08			
2.5889281386e+00	1		6		1.932840e-08			
2.5889281386e+00	2		1		1.704111e-08			
2.5889281386e+00	2		2		2.229420e-08			
2.5889281386e+00	2		3		2.400311e-08			
2.5889281386e+00	2		4		2.505572e-08			
2.5889281386e+00	2		5		2.589003e-08			
2.5889281386e+00	2		6		2.679526e-08			
2.5889281386e+00	3		1		1.790485e-08			
2.5889281386e+00	3		2		2.400311e-08			
2.5889281386e+00	3		3		2.629816e-08			
2.5889281386e+00	3		4		2.772997e-08			
2.5889281386e+00	3		5		2.885662e-08			
2.5889281386e+00	3		6		3.008011e-08			
2.5889281386e+00	4		1		1.844182e-08			
2.5889281386e+00	4		2		2.505572e-08			
2.5889281386e+00	4		3		2.772997e-08			
2.5889281386e+00	4		4		2.952491e-08			
2.5889281386e+00	4		5		3.093620e-08			
2.5889281386e+00	4		6		3.246052e-08			
2.5889281386e+00	5		1		1.886707e-08			
2.5889281386e+00	5		2		2.589003e-08			
2.5889281386e+00	5		3		2.885662e-08			
2.5889281386e+00	5		4		3.093620e-08			
2.5889281386e+00	5		5		3.267122e-08			
2.5889281386e+00	5		6		3.453694e-08			
2.5889281386e+00	6		1		1.932840e-08			
2.5889281386e+00	6		2		2.679526e-08			
2.5889281386e+00	6		3		3.008011e-08			
2.5889281386e+00	6		4		3.246052e-08			
2.5889281386e+00	6		5		3.453694e-08			
2.5889281386e+00	6		6		3.692824e-08			
2.8215212741e+00	1		1		1.465716e-08			
2.8215212741e+00	1		2		1.800395e-08			
2.8215212741e+00	1		3		1.894105e-08			
2.8215212741e+00	1		4		1.952363e-08			
2.8215212741e+00	1		5		1.998501e-08			
2.8215212741e+00	1		6		2.048553e-08			
2.8215212741e+00	2		1		1.800395e-08			
2.8215212741e+00	2		2		2.373408e-08			
2.8215212741e+00	2		3		2.560521e-08			
2.8215212741e+00	2		4		2.675754e-08			
2.8215212741e+00	2		5		2.767090e-08			
2.8215212741e+00	2		6		2.866193e-08			
2.8215212741e+00	3		1		1.894105e-08			
2.8215212741e+00	3		2		2.560521e-08			
2.8215212741e+00	3		3		2.812723e-08			
2.8215212741e+00	3		4		2.970077e-08			
2.8215212741e+00	3		5		3.093880e-08			
2.8215212741e+00	3		6		3.228329e-08			
2.8215212741e+00	4		1		1.952363e-08			
2.8215212741e+00	4		2		2.675754e-08			
2.8215212741e+00	4		3		2.970077e-08			
2.8215212741e+00	4		4		3.167842e-08			
2.8215212741e+00	4		5		3.323321e-08			
2.8215212741e+00	4		6		3.491242e-08			
2.8215212741e+00	5		1		1.998501e-08			
2.8215212741e+00	5		2		2.767090e-08			
2.8215212741e+00	5		3		3.093880e-08			
2.8215212741e+00	5		4		3.323321e-08			
2.8215212741e+00	5		5		3.514875e-08			
2.8215212741e+00	5		6		3.720836e-08			
2.8215212741e+00	6		1		2.048553e-08			
2.8215212741e+00	6		2		2.866193e-08			
2.8215212741e+00	6		3		3.228329e-08			
2.8215212741e+00	6		4		3.491242e-08			
2.8215212741e+00	6		5		3.720836e-08			
2.8215212741e+00	6		6		3.985431e-08			
3.0750109212e+00	1		1		1.526243e-08			
3.0750109212e+00	1		2		1.885640e-08			
3.0750109212e+00	1		3		1.986473e-08			
3.0750109212e+00	1		4		2.049161e-08			
3.0750109212e+00	1		5		2.098808e-08			
3.0750109212e+00	1		6		2.152666e-08			
3.0750109212e+00	2		1		1.885640e-08			
3.0750109212e+00	2		2		2.505753e-08			
3.0750109212e+00	2		3		2.709055e-08			
3.0750109212e+00	2		4		2.834236e-08			
3.0750109212e+00	2		5		2.933460e-08			
3.0750109212e+00	2		6		3.041121e-08			
3.0750109212e+00	3		1		1.986473e-08			
3.0750109212e+00	3		2		2.709055e-08			
3.0750109212e+00	3		3		2.984138e-08			
3.0750109212e+00	3		4		3.155781e-08			
3.0750109212e+00	3		5		3.290812e-08			
3.0750109212e+00	3		6		3.437456e-08			
3.0750109212e+00	4		1		2.049161e-08			
3.0750109212e+00	4		2		2.834236e-08			
3.0750109212e+00	4		3		3.155781e-08			
3.0750109212e+00	4		4		3.372092e-08			
3.0750109212e+00	4		5		3.542134e-08			
3.0750109212e+00	4		6		3.725771e-08			
3.0750109212e+00	5		1		2.098808e-08			
3.0750109212e+00	5		2		2.933460e-08			
3.0750109212e+00	5		3		3.290812e-08			
3.0750109212e+00	5		4		3.542134e-08			
3.0750109212e+00	5		5		3.752109e-08			
3.0750109212e+00	5		6		3.977851e-08			
3.0750109212e+00	6		1		2.152666e-08			
3.0750109212e+00	6		2		3.041121e-08			
3.0750109212e+00	6		3		3.437456e-08			
3.0750109212e+00	6		4		3.725771e-08			
3.0750109212e+00	6		5		3.977851e-08			
3.0750109212e+00	6		6		4.268573e-08			
3.3512744533e+00	1		1		1.576659e-08			
3.3512744533e+00	1		2		1.959755e-08			
3.3512744533e+00	1		3		2.067466e-08			
3.3512744533e+00	1		4		2.134431e-08			
3.3512744533e+00	1		5		2.187465e-08			
3.3512744533e+00	1		6		2.245000e-08			
3.3512744533e+00	2		1		1.959755e-08			
3.3512744533e+00	2		2		2.626190e-08			
3.3512744533e+00	2		3		2.845604e-08			
3.3512744533e+00	2		4		2.980680e-08			
3.3512744533e+00	2		5		3.087750e-08			
3.3512744533e+00	2		6		3.203926e-08			
3.3512744533e+00	3		1		2.067466e-08			
3.3512744533e+00	3		2		2.845604e-08			
3.3512744533e+00	3		3		3.143709e-08			
3.3512744533e+00	3		4		3.329732e-08			
3.3512744533e+00	3		5		3.476058e-08			
3.3512744533e+00	3		6		3.634973e-08			
3.3512744533e+00	4		1		2.134431e-08			
3.3512744533e+00	4		2		2.980680e-08			
3.3512744533e+00	4		3		3.329732e-08			
3.3512744533e+00	4		4		3.564845e-08			
3.3512744533e+00	4		5		3.749647e-08			
3.3512744533e+00	4		6		3.949209e-08			
3.3512744533e+00	5		1		2.187465e-08			
3.3512744533e+00	5		2		3.087750e-08			
3.3512744533e+00	5		3		3.476058e-08			
3.3512744533e+00	5		4		3.749647e-08			
3.3512744533e+00	5		5		3.978405e-08			
3.3512744533e+00	5		6		4.224308e-08			
3.3512744533e+00	6		1		2.245000e-08			
3.3512744533e+00	6		2		3.203926e-08			
3.3512744533e+00	6		3		3.634973e-08			
3.3512744533e+00	6		4		3.949209e-08			
3.3512744533e+00	6		5		4.224308e-08			
3.3512744533e+00	6		6		4.541830e-08			
3.6523579100e+00	1		1		1.617047e-08			
3.6523579100e+00	1		2		2.022689e-08			
3.6523579100e+00	1		3		2.136995e-08			
3.6523579100e+00	1		4		2.208061e-08			
3.6523579100e+00	1		5		2.264344e-08			
3.6523579100e+00	1		6		2.325403e-08			
3.6523579100e+00	2		1		2.022689e-08			
3.6523579100e+00	2		2		2.734474e-08			
3.6523579100e+00	2		3		2.969871e-08			
3.6523579100e+00	2		4		3.114758e-08			
3.6523579100e+00	2		5		3.229607e-08			
3.6523579100e+00	2		6		3.354224e-08			
3.6523579100e+00	3		1		2.136995e-08			
3.6523579100e+00	3		2		2.969871e-08			
3.6523579100e+00	3		3		3.291090e-08			
3.6523579100e+00	3		4		3.491553e-08			
3.6523579100e+00	3		5		3.649218e-08			
3.6523579100e+00	3		6		3.820450e-08			
3.6523579100e+00	4		1		2.208061e-08			
3.6523579100e+00	4		2		3.114758e-08			
3.6523579100e+00	4		3		3.491553e-08			
3.6523579100e+00	4		4		3.745699e-08			
3.6523579100e+00	4		5		3.945437e-08			
3.6523579100e+00	4		6		4.161111e-08			
3.6523579100e+00	5		1		2.264344e-08			
3.6523579100e+00	5		2		3.229607e-08			
3.6523579100e+00	5		3		3.649218e-08			
3.6523579100e+00	5		4		3.945437e-08			
3.6523579100e+00	5		5		4.193327e-08			
3.6523579100e+00	5		6		4.459758e-08			
3.6523579100e+00	6		1		2.325403e-08			
3.6523579100e+00	6		2		3.354224e-08			
3.6523579100e+00	6		3		3.820450e-08			
3.6523579100e+00	6		4		4.161111e-08			
3.6523579100e+00	6		5		4.459758e-08			
3.6523579100e+00	6		6		4.804751e-08			
3.9804911501e+00	1		1		1.647530e-08			
3.9804911501e+00	1		2		2.074423e-08			
3.9804911501e+00	1		3		2.195002e-08			
3.9804911501e+00	1		4		2.269969e-08			
3.9804911501e+00	1		5		2.329342e-08			
3.9804911501e+00	1		6		2.393755e-08			
3.9804911501e+00	2		1		2.074423e-08			
3.9804911501e+00	2		2		2.830372e-08			
3.9804911501e+00	2		3		3.081565e-08			
3.9804911501e+00	2		4		3.236139e-08			
3.9804911501e+00	2		5		3.358670e-08			
3.9804911501e+00	2		6		3.491624e-08			
3.9804911501e+00	3		1		2.195002e-08			
3.9804911501e+00	3		2		3.081565e-08			
3.9804911501e+00	3		3		3.425927e-08			
3.9804911501e+00	3		4		3.640855e-08			
3.9804911501e+00	3		5		3.809871e-08			
3.9804911501e+00	3		6		3.993437e-08			
3.9804911501e+00	4		1		2.269969e-08			
3.9804911501e+00	4		2		3.236139e-08			
3.9804911501e+00	4		3		3.640855e-08			
3.9804911501e+00	4		4		3.914231e-08			
3.9804911501e+00	4		5		4.129055e-08			
3.9804911501e+00	4		6		4.360999e-08			
3.9804911501e+00	5		1		2.329342e-08			
3.9804911501e+00	5		2		3.358670e-08			
3.9804911501e+00	5		3		3.809871e-08			
3.9804911501e+00	5		4		4.129055e-08			
3.9804911501e+00	5		5		4.396405e-08			
3.9804911501e+00	5		6		4.683710e-08			
3.9804911501e+00	6		1		2.393755e-08			
3.9804911501e+00	6		2		3.491624e-08			
3.9804911501e+00	6		3		3.993437e-08			
3.9804911501e+00	6		4		4.360999e-08			
3.9804911501e+00	6		5		4.683710e-08			
3.9804911501e+00	6		6		5.056843e-08			
4.3381043661e+00	1		1		1.668276e-08			
4.3381043661e+00	1		2		2.114973e-08			
4.3381043661e+00	1		3		2.241461e-08			
4.3381043661e+00	1		4		2.320103e-08			
4.3381043661e+00	1		5		2.382387e-08			
4.3381043661e+00	1		6		2.449959e-08			
4.3381043661e+00	2		1		2.114973e-08			
4.3381043661e+00	2		2		2.913662e-08			
4.3381043661e+00	2		3		3.180393e-08			
4.3381043661e+00	2		4		3.344489e-08			
4.3381043661e+00	2		5		3.474572e-08			
4.3381043661e+00	2		6		3.615722e-08			
4.3381043661e+00	3		1		2.241461e-08			
4.3381043661e+00	3		2		3.180393e-08			
4.3381043661e+00	3		3		3.547857e-08			
4.3381043661e+00	3		4		3.777227e-08			
4.3381043661e+00	3		5		3.957573e-08			
4.3381043661e+00	3		6		4.153450e-08			
4.3381043661e+00	4		1		2.320103e-08			
4.3381043661e+00	4		2		3.344489e-08			
4.3381043661e+00	4		3		3.777227e-08			
4.3381043661e+00	4		4		4.069991e-08			
4.3381043661e+00	4		5		4.300018e-08			
4.3381043661e+00	4		6		4.548352e-08			
4.3381043661e+00	5		1		2.382387e-08			
4.3381043661e+00	5		2		3.474572e-08			
4.3381043661e+00	5		3		3.957573e-08			
4.3381043661e+00	5		4		4.300018e-08			
4.3381043661e+00	5		5		4.587130e-08			
4.3381043661e+00	5		6		4.895622e-08			
4.3381043661e+00	6		1		2.449959e-08			
4.3381043661e+00	6		2		3.615722e-08			
4.3381043661e+00	6		3		4.153450e-08			
4.3381043661e+00	6		4		4.548352e-08			
4.3381043661e+00	6		5		4.895622e-08			
4.3381043661e+00	6		6		5.297546e-08			
4.7278460827e+00	1		1		1.679491e-08			
4.7278460827e+00	1		2		2.144389e-08			
4.7278460827e+00	1		3		2.276375e-08			
4.7278460827e+00	1		4		2.358438e-08			
4.7278460827e+00	1		5		2.423432e-08			
4.7278460827e+00	1		6		2.493944e-08			
4.7278460827e+00	2		1		2.144389e-08			
4.7278460827e+00	2		2		2.984128e-08			
4.7278460827e+00	2		3		3.266062e-08			
4.7278460827e+00	2		4		3.439467e-08			
4.7278460827e+00	2		5		3.576933e-08			
4.7278460827e+00	2		6		3.726095e-08			
4.7278460827e+00	3		1		2.276375e-08			
4.7278460827e+00	3		2		3.266062e-08			
4.7278460827e+00	3		3		3.656500e-08			
4.7278460827e+00	3		4		3.900238e-08			
4.7278460827e+00	3		5		4.091850e-08			
4.7278460827e+00	3		6		4.299968e-08			
4.7278460827e+00	4		1		2.358438e-08			
4.7278460827e+00	4		2		3.439467e-08			
4.7278460827e+00	4		3		3.900238e-08			
4.7278460827e+00	4		4		4.212493e-08			
4.7278460827e+00	4		5		4.457798e-08			
4.7278460827e+00	4		6		4.722599e-08			
4.7278460827e+00	5		1		2.423432e-08			
4.7278460827e+00	5		2		3.576933e-08			
4.7278460827e+00	5		3		4.091850e-08			
4.7278460827e+00	5		4		4.457798e-08			
4.7278460827e+00	5		5		4.764937e-08			
4.7278460827e+00	5		6		5.094890e-08			
4.7278460827e+00	6		1		2.493944e-08			
4.7278460827e+00	6		2		3.726095e-08			
4.7278460827e+00	6		3		4.299968e-08			
4.7278460827e+00	6		4		4.722599e-08			
4.7278460827e+00	6		5		5.094890e-08			
4.7278460827e+00	6		6		5.526228e-08			
5.1526027719e+00	1		1		1.681431e-08			
5.1526027719e+00	1		2		2.162759e-08			
5.1526027719e+00	1		3		2.299787e-08			
5.1526027719e+00	1		4		2.384986e-08			
5.1526027719e+00	1		5		2.452464e-08			
5.1526027719e+00	1		6		2.525672e-08			
5.1526027719e+00	2		1		2.162759e-08			
5.1526027719e+00	2		2		3.041568e-08			
5.1526027719e+00	2		3		3.338281e-08			
5.1526027719e+00	2		4		3.520725e-08			
5.1526027719e+00	2		5		3.665362e-08			
5.1526027719e+00	2		6		3.822306e-08			
5.1526027719e+00	3		1		2.299787e-08			
5.1526027719e+00	3		2		3.338281e-08			
5.1526027719e+00	3		3		3.751464e-08			
5.1526027719e+00	3		4		4.009432e-08			
5.1526027719e+00	3		5		4.212195e-08			
5.1526027719e+00	3		6		4.432431e-08			
5.1526027719e+00	4		1		2.384986e-08			
5.1526027719e+00	4		2		3.520725e-08			
5.1526027719e+00	4		3		4.009432e-08			
5.1526027719e+00	4		4		4.341219e-08			
5.1526027719e+00	4		5		4.601825e-08			
5.1526027719e+00	4		6		4.883112e-08			
5.1526027719e+00	5		1		2.452464e-08			
5.1526027719e+00	5		2		3.665362e-08			
5.1526027719e+00	5		3		4.212195e-08			
5.1526027719e+00	5		4		4.601825e-08			
5.1526027719e+00	5		5		4.929207e-08			
5.1526027719e+00	5		6		5.280841e-08			
5.1526027719e+00	6		1		2.525672e-08			
5.1526027719e+00	6		2		3.822306e-08			
5.1526027719e+00	6		3		4.432431e-08			
5.1526027719e+00	6		4		4.883112e-08			
5.1526027719e+00	6		5		5.280841e-08			
5.1526027719e+00	6		6		5.742175e-08			
5.6155202307e+00	1		1		1.674396e-08			
5.6155202307e+00	1		2		2.170216e-08			
5.6155202307e+00	1		3		2.311777e-08			
5.6155202307e+00	1		4		2.399797e-08			
5.6155202307e+00	1		5		2.469510e-08			
5.6155202307e+00	1		6		2.545143e-08			
5.6155202307e+00	2		1		2.170216e-08			
5.6155202307e+00	2		2		3.085797e-08			
5.6155202307e+00	2		3		3.396766e-08			
5.6155202307e+00	2		4		3.587918e-08			
5.6155202307e+00	2		5		3.739464e-08			
5.6155202307e+00	2		6		3.903905e-08			
5.6155202307e+00	3		1		2.311777e-08			
5.6155202307e+00	3		2		3.396766e-08			
5.6155202307e+00	3		3		3.832347e-08			
5.6155202307e+00	3		4		4.104335e-08			
5.6155202307e+00	3		5		4.318076e-08			
5.6155202307e+00	3		6		4.550244e-08			
5.6155202307e+00	4		1		2.399797e-08			
5.6155202307e+00	4		2		3.587918e-08			
5.6155202307e+00	4		3		4.104335e-08			
5.6155202307e+00	4		4		4.455615e-08			
5.6155202307e+00	4		5		4.731484e-08			
5.6155202307e+00	4		6		5.029210e-08			
5.6155202307e+00	5		1		2.469510e-08			
5.6155202307e+00	5		2		3.739464e-08			
5.6155202307e+00	5		3		4.318076e-08			
5.6155202307e+00	5		4		4.731484e-08			
5.6155202307e+00	5		5		5.079264e-08			
5.6155202307e+00	5		6		5.452733e-08			
5.6155202307e+00	6		1		2.545143e-08			
5.6155202307e+00	6		2		3.903905e-08			
5.6155202307e+00	6		3		4.550244e-08			
5.6155202307e+00	6		4		5.029210e-08			
5.6155202307e+00	6		5		5.452733e-08			
5.6155202307e+00	6		6		5.944584e-08			
6.1200268791e+00	1		1		1.658741e-08			
6.1200268791e+00	1		2		2.166945e-08			
6.1200268791e+00	1		3		2.312479e-08			
6.1200268791e+00	1		4		2.402972e-08			
6.1200268791e+00	1		5		2.474645e-08			
6.1200268791e+00	1		6		2.552405e-08			
6.1200268791e+00	2		1		2.166945e-08			
6.1200268791e+00	2		2		3.116658e-08			
6.1200268791e+00	2		3		3.441249e-08			
6.1200268791e+00	2		4		3.640710e-08			
6.1200268791e+00	2		5		3.798848e-08			
6.1200268791e+00	2		6		3.970445e-08			
6.1200268791e+00	3		1		2.312479e-08			
6.1200268791e+00	3		2		3.441249e-08			
6.1200268791e+00	3		3		3.898746e-08			
6.1200268791e+00	3		4		4.184460e-08			
6.1200268791e+00	3		5		4.408940e-08			
6.1200268791e+00	3		6		4.652782e-08			
6.1200268791e+00	4		1		2.402972e-08			
6.1200268791e+00	4		2		3.640710e-08			
6.1200268791e+00	4		3		4.184460e-08			
6.1200268791e+00	4		4		4.555103e-08			
6.1200268791e+00	4		5		4.846124e-08			
6.1200268791e+00	4		6		5.160163e-08			
6.1200268791e+00	5		1		2.474645e-08			
6.1200268791e+00	5		2		3.798848e-08			
6.1200268791e+00	5		3		4.408940e-08			
6.1200268791e+00	5		4		4.846124e-08			
6.1200268791e+00	5		5		5.214383e-08			
6.1200268791e+00	5		6		5.609758e-08			
6.1200268791e+00	6		1		2.552405e-08			
6.1200268791e+00	6		2		3.970445e-08			
6.1200268791e+00	6		3		4.652782e-08			
6.1200268791e+00	6		4		5.160163e-08			
6.1200268791e+00	6		5		5.609758e-08			
6.1200268791e+00	6		6		6.132569e-08			
6.6698591515e+00	1		1		1.634879e-08			
6.6698591515e+00	1		2		2.153189e-08			
6.6698591515e+00	1		3		2.302087e-08			
6.6698591515e+00	1		4		2.394673e-08			
6.6698591515e+00	1		5		2.468005e-08			
6.6698591515e+00	1		6		2.547566e-08			
6.6698591515e+00	2		1		2.153189e-08			
6.6698591515e+00	2		2		3.134036e-08			
6.6698591515e+00	2		3		3.471492e-08			
6.6698591515e+00	2		4		3.678787e-08			
6.6698591515e+00	2		5		3.843142e-08			
6.6698591515e+00	2		6		4.021487e-08			
6.6698591515e+00	3		1		2.302087e-08			
6.6698591515e+00	3		2		3.471492e-08			
6.6698591515e+00	3		3		3.950270e-08			
6.6698591515e+00	3		4		4.249319e-08			
6.6698591515e+00	3		5		4.484225e-08			
6.6698591515e+00	3		6		4.739400e-08			
6.6698591515e+00	4		1		2.394673e-08			
6.6698591515e+00	4		2		3.678787e-08			
6.6698591515e+00	4		3		4.249319e-08			
6.6698591515e+00	4		4		4.639090e-08			
6.6698591515e+00	4		5		4.945067e-08			
6.6698591515e+00	4		6		5.275199e-08			
6.6698591515e+00	5		1		2.468005e-08			
6.6698591515e+00	5		2		3.843142e-08			
6.6698591515e+00	5		3		4.484225e-08			
6.6698591515e+00	5		4		4.945067e-08			
6.6698591515e+00	5		5		5.333794e-08			
6.6698591515e+00	5		6		5.751047e-08			
6.6698591515e+00	6		1		2.547566e-08			
6.6698591515e+00	6		2		4.021487e-08			
6.6698591515e+00	6		3		4.739400e-08			
6.6698591515e+00	6		4		5.275199e-08			
6.6698591515e+00	6		5		5.751047e-08			
6.6698591515e+00	6		6		6.305163e-08			
7.2690891689e+00	1		1		1.603282e-08			
7.2690891689e+00	1		2		2.129261e-08			
7.2690891689e+00	1		3		2.280859e-08			
7.2690891689e+00	1		4		2.375128e-08			
7.2690891689e+00	1		5		2.449793e-08			
7.2690891689e+00	1		6		2.530801e-08			
7.2690891689e+00	2		1		2.129261e-08			
7.2690891689e+00	2		2		3.137862e-08			
7.2690891689e+00	2		3		3.487298e-08			
7.2690891689e+00	2		4		3.701871e-08			
7.2690891689e+00	2		5		3.872002e-08			
7.2690891689e+00	2		6		4.056616e-08			
7.2690891689e+00	3		1		2.280859e-08			
7.2690891689e+00	3		2		3.487298e-08			
7.2690891689e+00	3		3		3.986550e-08			
7.2690891689e+00	3		4		4.298438e-08			
7.2690891689e+00	3		5		4.543369e-08			
7.2690891689e+00	3		6		4.809446e-08			
7.2690891689e+00	4		1		2.375128e-08			
7.2690891689e+00	4		2		3.701871e-08			
7.2690891689e+00	4		3		4.298438e-08			
7.2690891689e+00	4		4		4.706974e-08			
7.2690891689e+00	4		5		5.027615e-08			
7.2690891689e+00	4		6		5.373514e-08			
7.2690891689e+00	5		1		2.449793e-08			
7.2690891689e+00	5		2		3.872002e-08			
7.2690891689e+00	5		3		4.543369e-08			
7.2690891689e+00	5		4		5.027615e-08			
7.2690891689e+00	5		5		5.436692e-08			
7.2690891689e+00	5		6		5.875680e-08			
7.2690891689e+00	6		1		2.530801e-08			
7.2690891689e+00	6		2		4.056616e-08			
7.2690891689e+00	6		3		4.809446e-08			
7.2690891689e+00	6		4		5.373514e-08			
7.2690891689e+00	6		5		5.875680e-08			
7.2690891689e+00	6		6		6.461322e-08			
7.9221548980e+00	1		1		1.564489e-08			
7.9221548980e+00	1		2		2.095551e-08			
7.9221548980e+00	1		3		2.249138e-08			
7.9221548980e+00	1		4		2.344647e-08			
7.9221548980e+00	1		5		2.420294e-08			
7.9221548980e+00	1		6		2.502369e-08			
7.9221548980e+00	2		1		2.095551e-08			
7.9221548980e+00	2		2		3.128140e-08			
7.9221548980e+00	2		3		3.488528e-08			
7.9221548980e+00	2		4		3.709735e-08			
7.9221548980e+00	2		5		3.885134e-08			
7.9221548980e+00	2		6		4.075466e-08			
7.9221548980e+00	3		1		2.249138e-08			
7.9221548980e+00	3		2		3.488528e-08			
7.9221548980e+00	3		3		4.007256e-08			
7.9221548980e+00	3		4		4.331370e-08			
7.9221548980e+00	3		5		4.585835e-08			
7.9221548980e+00	3		6		4.862280e-08			
7.9221548980e+00	4		1		2.344647e-08			
7.9221548980e+00	4		2		3.709735e-08			
7.9221548980e+00	4		3		4.331370e-08			
7.9221548980e+00	4		4		4.758173e-08			
7.9221548980e+00	4		5		5.093071e-08			
7.9221548980e+00	4		6		5.454293e-08			
7.9221548980e+00	5		1		2.420294e-08			
7.9221548980e+00	5		2		3.885134e-08			
7.9221548980e+00	5		3		4.585835e-08			
7.9221548980e+00	5		4		5.093071e-08			
7.9221548980e+00	5		5		5.522257e-08			
7.9221548980e+00	5		6		5.982701e-08			
7.9221548980e+00	6		1		2.502369e-08			
7.9221548980e+00	6		2		4.075466e-08			
7.9221548980e+00	6		3		4.862280e-08			
7.9221548980e+00	6		4		5.454293e-08			
7.9221548980e+00	6		5		5.982701e-08			
7.9221548980e+00	6		6		6.599944e-08			
8.6338930187e+00	1		1		1.519105e-08			
8.6338930187e+00	1		2		2.052539e-08			
8.6338930187e+00	1		3		2.207358e-08			
8.6338930187e+00	1		4		2.303637e-08			
8.6338930187e+00	1		5		2.379895e-08			
8.6338930187e+00	1		6		2.462633e-08			
8.6338930187e+00	2		1		2.052539e-08			
8.6338930187e+00	2		2		3.104961e-08			
8.6338930187e+00	2		3		3.475125e-08			
8.6338930187e+00	2		4		3.702232e-08			
8.6338930187e+00	2		5		3.882318e-08			
8.6338930187e+00	2		6		4.077737e-08			
8.6338930187e+00	3		1		2.207358e-08			
8.6338930187e+00	3		2		3.475125e-08			
8.6338930187e+00	3		3		4.012127e-08			
8.6338930187e+00	3		4		4.347725e-08			
8.6338930187e+00	3		5		4.611130e-08			
8.6338930187e+00	3		6		4.897300e-08			
8.6338930187e+00	4		1		2.303637e-08			
8.6338930187e+00	4		2		3.702232e-08			
8.6338930187e+00	4		3		4.347725e-08			
8.6338930187e+00	4		4		4.792137e-08			
8.6338930187e+00	4		5		5.140766e-08			
8.6338930187e+00	4		6		5.516731e-08			
8.6338930187e+00	5		1		2.379895e-08			
8.6338930187e+00	5		2		3.882318e-08			
8.6338930187e+00	5		3		4.611130e-08			
8.6338930187e+00	5		4		5.140766e-08			
8.6338930187e+00	5		5		5.589678e-08			
8.6338930187e+00	5		6		6.071145e-08			
8.6338930187e+00	6		1		2.462633e-08			
8.6338930187e+00	6		2		4.077737e-08			
8.6338930187e+00	6		3		4.897300e-08			
8.6338930187e+00	6		4		5.516731e-08			
8.6338930187e+00	6		5		6.071145e-08			
8.6338930187e+00	6		6		6.719888e-08			
9.4095747456e+00	1		1		1.467799e-08			
9.4095747456e+00	1		2		2.000791e-08			
9.4095747456e+00	1		3		2.156046e-08			
9.4095747456e+00	1		4		2.252601e-08			
9.4095747456e+00	1		5		2.329078e-08			
9.4095747456e+00	1		6		2.412054e-08			
9.4095747456e+00	2		1		2.000791e-08			
9.4095747456e+00	2		2		3.068509e-08			
9.4095747456e+00	2		3		3.447123e-08			
9.4095747456e+00	2		4		3.679303e-08			
9.4095747456e+00	2		5		3.863420e-08			
9.4095747456e+00	2		6		4.063215e-08			
9.4095747456e+00	3		1		2.156046e-08			
9.4095747456e+00	3		2		3.447123e-08			
9.4095747456e+00	3		3		4.000975e-08			
9.4095747456e+00	3		4		4.347176e-08			
9.4095747456e+00	3		5		4.618820e-08			
9.4095747456e+00	3		6		4.913953e-08			
9.4095747456e+00	4		1		2.252601e-08			
9.4095747456e+00	4		2		3.679303e-08			
9.4095747456e+00	4		3		4.347176e-08			
9.4095747456e+00	4		4		4.808369e-08			
9.4095747456e+00	4		5		5.170066e-08			
9.4095747456e+00	4		6		5.560048e-08			
9.4095747456e+00	5		1		2.329078e-08			
9.4095747456e+00	5		2		3.863420e-08			
9.4095747456e+00	5		3		4.618820e-08			
9.4095747456e+00	5		4		5.170066e-08			
9.4095747456e+00	5		5		5.638160e-08			
9.4095747456e+00	5		6		6.140045e-08			
9.4095747456e+00	6		1		2.412054e-08			
9.4095747456e+00	6		2		4.063215e-08			
9.4095747456e+00	6		3		4.913953e-08			
9.4095747456e+00	6		4		5.560048e-08			
9.4095747456e+00	6		5		6.140045e-08			
9.4095747456e+00	6		6		6.819986e-08			
1.0254944867e+01	1		1		1.411306e-08			
1.0254944867e+01	1		2		1.940977e-08			
1.0254944867e+01	1		3		2.095842e-08			
1.0254944867e+01	1		4		2.192159e-08			
1.0254944867e+01	1		5		2.268447e-08			
1.0254944867e+01	1		6		2.351220e-08			
1.0254944867e+01	2		1		1.940977e-08			
1.0254944867e+01	2		2		3.019097e-08			
1.0254944867e+01	2		3		3.404680e-08			
1.0254944867e+01	2		4		3.641010e-08			
1.0254944867e+01	2		5		3.828428e-08			
1.0254944867e+01	2		6		4.031807e-08			
1.0254944867e+01	3		1		2.095842e-08			
1.0254944867e+01	3		2		3.404680e-08			
1.0254944867e+01	3		3		3.973724e-08			
1.0254944867e+01	3		4		4.329503e-08			
1.0254944867e+01	3		5		4.608568e-08			
1.0254944867e+01	3		6		4.911779e-08			
1.0254944867e+01	4		1		2.192159e-08			
1.0254944867e+01	4		2		3.641010e-08			
1.0254944867e+01	4		3		4.329503e-08			
1.0254944867e+01	4		4		4.806462e-08			
1.0254944867e+01	4		5		5.180415e-08			
1.0254944867e+01	4		6		5.583527e-08			
1.0254944867e+01	5		1		2.268447e-08			
1.0254944867e+01	5		2		3.828428e-08			
1.0254944867e+01	5		3		4.608568e-08			
1.0254944867e+01	5		4		5.180415e-08			
1.0254944867e+01	5		5		5.666970e-08			
1.0254944867e+01	5		6		6.188473e-08			
1.0254944867e+01	6		1		2.351220e-08			
1.0254944867e+01	6		2		4.031807e-08			
1.0254944867e+01	6		3		4.911779e-08			
1.0254944867e+01	6		4		5.583527e-08			
1.0254944867e+01	6		5		6.188473e-08			
1.0254944867e+01	6		6		6.899081e-08			
1.1176264291e+01	1		1		1.350413e-08			
1.1176264291e+01	1		2		1.873860e-08			
1.1176264291e+01	1		3		2.027488e-08			
1.1176264291e+01	1		4		2.123040e-08			
1.1176264291e+01	1		5		2.198724e-08			
1.1176264291e+01	1		6		2.280842e-08			
1.1176264291e+01	2		1		1.873860e-08			
1.1176264291e+01	2		2		2.957165e-08			
1.1176264291e+01	2		3		3.348085e-08			
1.1176264291e+01	2		4		3.587551e-08			
1.1176264291e+01	2		5		3.777466e-08			
1.1176264291e+01	2		6		3.983556e-08			
1.1176264291e+01	3		1		2.027488e-08			
1.1176264291e+01	3		2		3.348085e-08			
1.1176264291e+01	3		3		3.930420e-08			
1.1176264291e+01	3		4		4.294601e-08			
1.1176264291e+01	3		5		4.580150e-08			
1.1176264291e+01	3		6		4.890424e-08			
1.1176264291e+01	4		1		2.123040e-08			
1.1176264291e+01	4		2		3.587551e-08			
1.1176264291e+01	4		3		4.294601e-08			
1.1176264291e+01	4		4		4.786108e-08			
1.1176264291e+01	4		5		5.171349e-08			
1.1176264291e+01	4		6		5.586534e-08			
1.1176264291e+01	5		1		2.198724e-08			
1.1176264291e+01	5		2		3.777466e-08			
1.1176264291e+01	5		3		4.580150e-08			
1.1176264291e+01	5		4		5.171349e-08			
1.1176264291e+01	5		5		5.675449e-08			
1.1176264291e+01	5		6		6.215562e-08			
1.1176264291e+01	6		1		2.280842e-08			
1.1176264291e+01	6		2		3.983556e-08			
1.1176264291e+01	6		3		4.890424e-08			
1.1176264291e+01	6		4		5.586534e-08			
1.1176264291e+01	6		5		6.215562e-08			
1.1176264291e+01	6		6		6.956044e-08			
1.2180356415e+01	1		1		1.285957e-08			
1.2180356415e+01	1		2		1.800302e-08			
1.2180356415e+01	1		3		1.951838e-08			
1.2180356415e+01	1		4		2.046096e-08			
1.2180356415e+01	1		5		2.120755e-08			
1.2180356415e+01	1		6		2.201761e-08			
1.2180356415e+01	2		1		1.800302e-08			
1.2180356415e+01	2		2		2.883301e-08			
1.2180356415e+01	2		3		3.277784e-08			
1.2180356415e+01	2		4		3.519282e-08			
1.2180356415e+01	2		5		3.710822e-08			
1.2180356415e+01	2		6		3.918676e-08			
1.2180356415e+01	3		1		1.951838e-08			
1.2180356415e+01	3		2		3.277784e-08			
1.2180356415e+01	3		3		3.871262e-08			
1.2180356415e+01	3		4		4.242513e-08			
1.2180356415e+01	3		5		4.533490e-08			
1.2180356415e+01	3		6		4.849681e-08			
1.2180356415e+01	4		1		2.046096e-08			
1.2180356415e+01	4		2		3.519282e-08			
1.2180356415e+01	4		3		4.242513e-08			
1.2180356415e+01	4		4		4.747143e-08			
1.2180356415e+01	4		5		5.142537e-08			
1.2180356415e+01	4		6		5.568559e-08			
1.2180356415e+01	5		1		2.120755e-08			
1.2180356415e+01	5		2		3.710822e-08			
1.2180356415e+01	5		3		4.533490e-08			
1.2180356415e+01	5		4		5.142537e-08			
1.2180356415e+01	5		5		5.663054e-08			
1.2180356415e+01	5		6		6.220542e-08			
1.2180356415e+01	6		1		2.201761e-08			
1.2180356415e+01	6		2		3.918676e-08			
1.2180356415e+01	6		3		4.849681e-08			
1.2180356415e+01	6		4		5.568559e-08			
1.2180356415e+01	6		5		6.220542e-08			
1.2180356415e+01	6		6		6.989819e-08			
1.3274657662e+01	1		1		1.218806e-08			
1.3274657662e+01	1		2		1.721254e-08			
1.3274657662e+01	1		3		1.869853e-08			
1.3274657662e+01	1		4		1.962290e-08			
1.3274657662e+01	1		5		2.035507e-08			
1.3274657662e+01	1		6		2.114949e-08			
1.3274657662e+01	2		1		1.721254e-08			
1.3274657662e+01	2		2		2.798253e-08			
1.3274657662e+01	2		3		3.194392e-08			
1.3274657662e+01	2		4		3.436741e-08			
1.3274657662e+01	2		5		3.628968e-08			
1.3274657662e+01	2		6		3.837570e-08			
1.3274657662e+01	3		1		1.869853e-08			
1.3274657662e+01	3		2		3.194392e-08			
1.3274657662e+01	3		3		3.796620e-08			
1.3274657662e+01	3		4		4.173457e-08			
1.3274657662e+01	3		5		4.468684e-08			
1.3274657662e+01	3		6		4.789513e-08			
1.3274657662e+01	4		1		1.962290e-08			
1.3274657662e+01	4		2		3.436741e-08			
1.3274657662e+01	4		3		4.173457e-08			
1.3274657662e+01	4		4		4.689563e-08			
1.3274657662e+01	4		5		5.093803e-08			
1.3274657662e+01	4		6		5.529240e-08			
1.3274657662e+01	5		1		2.035507e-08			
1.3274657662e+01	5		2		3.628968e-08			
1.3274657662e+01	5		3		4.468684e-08			
1.3274657662e+01	5		4		5.093803e-08			
1.3274657662e+01	5		5		5.629388e-08			
1.3274657662e+01	5		6		6.202773e-08			
1.3274657662e+01	6		1		2.114949e-08			
1.3274657662e+01	6		2		3.837570e-08			
1.3274657662e+01	6		3		4.789513e-08			
1.3274657662e+01	6		4		5.529240e-08			
1.3274657662e+01	6		5		6.202773e-08			
1.3274657662e+01	6		6		6.999449e-08			
1.4467272553e+01	1		1		1.149845e-08			
1.4467272553e+01	1		2		1.637746e-08			
1.4467272553e+01	1		3		1.782587e-08			
1.4467272553e+01	1		4		1.872694e-08			
1.4467272553e+01	1		5		1.944065e-08			
1.4467272553e+01	1		6		2.021505e-08			
1.4467272553e+01	2		1		1.637746e-08			
1.4467272553e+01	2		2		2.702930e-08			
1.4467272553e+01	2		3		3.098705e-08			
1.4467272553e+01	2		4		3.340654e-08			
1.4467272553e+01	2		5		3.532578e-08			
1.4467272553e+01	2		6		3.740852e-08			
1.4467272553e+01	3		1		1.782587e-08			
1.4467272553e+01	3		2		3.098705e-08			
1.4467272553e+01	3		3		3.707056e-08			
1.4467272553e+01	3		4		4.087847e-08			
1.4467272553e+01	3		5		4.386030e-08			
1.4467272553e+01	3		6		4.710095e-08			
1.4467272553e+01	4		1		1.872694e-08			
1.4467272553e+01	4		2		3.340654e-08			
1.4467272553e+01	4		3		4.087847e-08			
1.4467272553e+01	4		4		4.613561e-08			
1.4467272553e+01	4		5		5.025167e-08			
1.4467272553e+01	4		6		5.468408e-08			
1.4467272553e+01	5		1		1.944065e-08			
1.4467272553e+01	5		2		3.532578e-08			
1.4467272553e+01	5		3		4.386030e-08			
1.4467272553e+01	5		4		5.025167e-08			
1.4467272553e+01	5		5		5.574233e-08			
1.4467272553e+01	5		6		6.161785e-08			
1.4467272553e+01	6		1		2.021505e-08			
1.4467272553e+01	6		2		3.740852e-08			
1.4467272553e+01	6		3		4.710095e-08			
1.4467272553e+01	6		4		5.468408e-08			
1.4467272553e+01	6		5		6.161785e-08			
1.4467272553e+01	6		6		6.984126e-08			
1.5767033731e+01	1		1		1.079952e-08			
1.5767033731e+01	1		2		1.550861e-08			
1.5767033731e+01	1		3		1.691170e-08			
1.5767033731e+01	1		4		1.778464e-08			
1.5767033731e+01	1		5		1.847608e-08			
1.5767033731e+01	1		6		1.922632e-08			
1.5767033731e+01	2		1		1.550861e-08			
1.5767033731e+01	2		2		2.598401e-08			
1.5767033731e+01	2		3		2.991706e-08			
1.5767033731e+01	2		4		3.231952e-08			
1.5767033731e+01	2		5		3.422540e-08			
1.5767033731e+01	2		6		3.629367e-08			
1.5767033731e+01	3		1		1.691170e-08			
1.5767033731e+01	3		2		2.991706e-08			
1.5767033731e+01	3		3		3.603330e-08			
1.5767033731e+01	3		4		3.986307e-08			
1.5767033731e+01	3		5		4.286046e-08			
1.5767033731e+01	3		6		4.611825e-08			
1.5767033731e+01	4		1		1.778464e-08			
1.5767033731e+01	4		2		3.231952e-08			
1.5767033731e+01	4		3		3.986307e-08			
1.5767033731e+01	4		4		4.519540e-08			
1.5767033731e+01	4		5		4.936858e-08			
1.5767033731e+01	4		6		5.386108e-08			
1.5767033731e+01	5		1		1.847608e-08			
1.5767033731e+01	5		2		3.422540e-08			
1.5767033731e+01	5		3		4.286046e-08			
1.5767033731e+01	5		4		4.936858e-08			
1.5767033731e+01	5		5		5.497578e-08			
1.5767033731e+01	5		6		6.097308e-08			
1.5767033731e+01	6		1		1.922632e-08			
1.5767033731e+01	6		2		3.629367e-08			
1.5767033731e+01	6		3		4.611825e-08			
1.5767033731e+01	6		4		5.386108e-08			
1.5767033731e+01	6		5		6.097308e-08			
1.5767033731e+01	6		6		6.943218e-08			
1.7183567376e+01	1		1		1.009983e-08			
1.7183567376e+01	1		2		1.461732e-08			
1.7183567376e+01	1		3		1.596799e-08			
1.7183567376e+01	1		4		1.680839e-08			
1.7183567376e+01	1		5		1.747406e-08			
1.7183567376e+01	1		6		1.819634e-08			
1.7183567376e+01	2		1		1.461732e-08			
1.7183567376e+01	2		2		2.485902e-08			
1.7183567376e+01	2		3		2.874573e-08			
1.7183567376e+01	2		4		3.111782e-08			
1.7183567376e+01	2		5		3.299977e-08			
1.7183567376e+01	2		6		3.504209e-08			
1.7183567376e+01	3		1		1.596799e-08			
1.7183567376e+01	3		2		2.874573e-08			
1.7183567376e+01	3		3		3.486429e-08			
1.7183567376e+01	3		4		3.869700e-08			
1.7183567376e+01	3		5		4.169499e-08			
1.7183567376e+01	3		6		4.495371e-08			
1.7183567376e+01	4		1		1.680839e-08			
1.7183567376e+01	4		2		3.111782e-08			
1.7183567376e+01	4		3		3.869700e-08			
1.7183567376e+01	4		4		4.408153e-08			
1.7183567376e+01	4		5		4.829367e-08			
1.7183567376e+01	4		6		5.282652e-08			
1.7183567376e+01	5		1		1.747406e-08			
1.7183567376e+01	5		2		3.299977e-08			
1.7183567376e+01	5		3		4.169499e-08			
1.7183567376e+01	5		4		4.829367e-08			
1.7183567376e+01	5		5		5.399670e-08			
1.7183567376e+01	5		6		6.009329e-08			
1.7183567376e+01	6		1		1.819634e-08			
1.7183567376e+01	6		2		3.504209e-08			
1.7183567376e+01	6		3		4.495371e-08			
1.7183567376e+01	6		4		5.282652e-08			
1.7183567376e+01	6		5		6.009329e-08			
1.7183567376e+01	6		6		6.876332e-08			
1.8727364500e+01	1		1		9.407297e-09			
1.8727364500e+01	1		2		1.371484e-08			
1.8727364500e+01	1		3		1.500684e-08			
1.8727364500e+01	1		4		1.581082e-08			
1.8727364500e+01	1		5		1.644765e-08			
1.8727364500e+01	1		6		1.713863e-08			
1.8727364500e+01	2		1		1.371484e-08			
1.8727364500e+01	2		2		2.366795e-08			
1.8727364500e+01	2		3		2.748655e-08			
1.8727364500e+01	2		4		2.981486e-08			
1.8727364500e+01	2		5		3.166226e-08			
1.8727364500e+01	2		6		3.366708e-08			
1.8727364500e+01	3		1		1.500684e-08			
1.8727364500e+01	3		2		2.748655e-08			
1.8727364500e+01	3		3		3.357543e-08			
1.8727364500e+01	3		4		3.739115e-08			
1.8727364500e+01	3		5		4.037402e-08			
1.8727364500e+01	3		6		4.361659e-08			
1.8727364500e+01	4		1		1.581082e-08			
1.8727364500e+01	4		2		2.981486e-08			
1.8727364500e+01	4		3		3.739115e-08			
1.8727364500e+01	4		4		4.280293e-08			
1.8727364500e+01	4		5		4.703432e-08			
1.8727364500e+01	4		6		5.158616e-08			
1.8727364500e+01	5		1		1.644765e-08			
1.8727364500e+01	5		2		3.166226e-08			
1.8727364500e+01	5		3		4.037402e-08			
1.8727364500e+01	5		4		4.703432e-08			
1.8727364500e+01	5		5		5.281010e-08			
1.8727364500e+01	5		6		5.898093e-08			
1.8727364500e+01	6		1		1.713863e-08			
1.8727364500e+01	6		2		3.366708e-08			
1.8727364500e+01	6		3		4.361659e-08			
1.8727364500e+01	6		4		5.158616e-08			
1.8727364500e+01	6		5		5.898093e-08			
1.8727364500e+01	6		6		6.783326e-08			
2.0409858643e+01	1		1		8.729252e-09			
2.0409858643e+01	1		2		1.281236e-08			
2.0409858643e+01	1		3		1.404050e-08			
2.0409858643e+01	1		4		1.480483e-08			
2.0409858643e+01	1		5		1.541025e-08			
2.0409858643e+01	1		6		1.606717e-08			
2.0409858643e+01	2		1		1.281236e-08			
2.0409858643e+01	2		2		2.242583e-08			
2.0409858643e+01	2		3		2.615486e-08			
2.0409858643e+01	2		4		2.842621e-08			
2.0409858643e+01	2		5		3.022861e-08			
2.0409858643e+01	2		6		3.218460e-08			
2.0409858643e+01	3		1		1.404050e-08			
2.0409858643e+01	3		2		2.615486e-08			
2.0409858643e+01	3		3		3.218094e-08			
2.0409858643e+01	3		4		3.595905e-08			
2.0409858643e+01	3		5		3.891054e-08			
2.0409858643e+01	3		6		4.211929e-08			
2.0409858643e+01	4		1		1.480483e-08			
2.0409858643e+01	4		2		2.842621e-08			
2.0409858643e+01	4		3		3.595905e-08			
2.0409858643e+01	4		4		4.137139e-08			
2.0409858643e+01	4		5		4.560101e-08			
2.0409858643e+01	4		6		5.014905e-08			
2.0409858643e+01	5		1		1.541025e-08			
2.0409858643e+01	5		2		3.022861e-08			
2.0409858643e+01	5		3		3.891054e-08			
2.0409858643e+01	5		4		4.560101e-08			
2.0409858643e+01	5		5		5.142417e-08			
2.0409858643e+01	5		6		5.764180e-08			
2.0409858643e+01	6		1		1.606717e-08			
2.0409858643e+01	6		2		3.218460e-08			
2.0409858643e+01	6		3		4.211929e-08			
2.0409858643e+01	6		4		5.014905e-08			
2.0409858643e+01	6		5		5.764180e-08			
2.0409858643e+01	6		6		6.664386e-08			
2.2243510550e+01	1		1		8.071909e-09			
2.2243510550e+01	1		2		1.192035e-08			
2.2243510550e+01	1		3		1.308066e-08			
2.2243510550e+01	1		4		1.380286e-08			
2.2243510550e+01	1		5		1.437491e-08			
2.2243510550e+01	1		6		1.499562e-08			
2.2243510550e+01	2		1		1.192035e-08			
2.2243510550e+01	2		2		2.114837e-08			
2.2243510550e+01	2		3		2.476722e-08			
2.2243510550e+01	2		4		2.696902e-08			
2.2243510550e+01	2		5		2.871640e-08			
2.2243510550e+01	2		6		3.061272e-08			
2.2243510550e+01	3		1		1.308066e-08			
2.2243510550e+01	3		2		2.476722e-08			
2.2243510550e+01	3		3		3.069690e-08			
2.2243510550e+01	3		4		3.441644e-08			
2.2243510550e+01	3		5		3.732004e-08			
2.2243510550e+01	3		6		4.047706e-08			
2.2243510550e+01	4		1		1.380286e-08			
2.2243510550e+01	4		2		2.696902e-08			
2.2243510550e+01	4		3		3.441644e-08			
2.2243510550e+01	4		4		3.980125e-08			
2.2243510550e+01	4		5		4.400698e-08			
2.2243510550e+01	4		6		4.852729e-08			
2.2243510550e+01	5		1		1.437491e-08			
2.2243510550e+01	5		2		2.871640e-08			
2.2243510550e+01	5		3		3.732004e-08			
2.2243510550e+01	5		4		4.400698e-08			
2.2243510550e+01	5		5		4.985010e-08			
2.2243510550e+01	5		6		5.608489e-08			
2.2243510550e+01	6		1		1.499562e-08			
2.2243510550e+01	6		2		3.061272e-08			
2.2243510550e+01	6		3		4.047706e-08			
2.2243510550e+01	6		4		4.852729e-08			
2.2243510550e+01	6		5		5.608489e-08			
2.2243510550e+01	6		6		6.520029e-08			
2.4241900458e+01	1		1		7.440387e-09			
2.4241900458e+01	1		2		1.104839e-08			
2.4241900458e+01	1		3		1.213823e-08			
2.4241900458e+01	1		4		1.281666e-08			
2.4241900458e+01	1		5		1.335403e-08			
2.4241900458e+01	1		6		1.393712e-08			
2.4241900458e+01	2		1		1.104839e-08			
2.4241900458e+01	2		2		1.985183e-08			
2.4241900458e+01	2		3		2.334133e-08			
2.4241900458e+01	2		4		2.546187e-08			
2.4241900458e+01	2		5		2.714499e-08			
2.4241900458e+01	2		6		2.897156e-08			
2.4241900458e+01	3		1		1.213823e-08			
2.4241900458e+01	3		2		2.334133e-08			
2.4241900458e+01	3		3		2.914119e-08			
2.4241900458e+01	3		4		3.278128e-08			
2.4241900458e+01	3		5		3.562060e-08			
2.4241900458e+01	3		6		3.870806e-08			
2.4241900458e+01	4		1		1.281666e-08			
2.4241900458e+01	4		2		2.546187e-08			
2.4241900458e+01	4		3		3.278128e-08			
2.4241900458e+01	4		4		3.810950e-08			
2.4241900458e+01	4		5		4.226851e-08			
2.4241900458e+01	4		6		4.673639e-08			
2.4241900458e+01	5		1		1.335403e-08			
2.4241900458e+01	5		2		2.714499e-08			
2.4241900458e+01	5		3		3.562060e-08			
2.4241900458e+01	5		4		4.226851e-08			
2.4241900458e+01	5		5		4.810237e-08			
2.4241900458e+01	5		6		5.432279e-08			
2.4241900458e+01	6		1		1.393712e-08			
2.4241900458e+01	6		2		2.897156e-08			
2.4241900458e+01	6		3		3.870806e-08			
2.4241900458e+01	6		4		4.673639e-08			
2.4241900458e+01	6		5		5.432279e-08			
2.4241900458e+01	6		6		6.351150e-08			
2.6419828673e+01	1		1		6.838597e-09			
2.6419828673e+01	1		2		1.020486e-08			
2.6419828673e+01	1		3		1.122299e-08			
2.6419828673e+01	1		4		1.185686e-08			
2.6419828673e+01	1		5		1.235895e-08			
2.6419828673e+01	1		6		1.290374e-08			
2.6419828673e+01	2		1		1.020486e-08			
2.6419828673e+01	2		2		1.855252e-08			
2.6419828673e+01	2		3		2.189553e-08			
2.6419828673e+01	2		4		2.392445e-08			
2.6419828673e+01	2		5		2.553505e-08			
2.6419828673e+01	2		6		2.728294e-08			
2.6419828673e+01	3		1		1.122299e-08			
2.6419828673e+01	3		2		2.189553e-08			
2.6419828673e+01	3		3		2.753318e-08			
2.6419828673e+01	3		4		3.107355e-08			
2.6419828673e+01	3		5		3.383269e-08			
2.6419828673e+01	3		6		3.683334e-08			
2.6419828673e+01	4		1		1.185686e-08			
2.6419828673e+01	4		2		2.392445e-08			
2.6419828673e+01	4		3		3.107355e-08			
2.6419828673e+01	4		4		3.631567e-08			
2.6419828673e+01	4		5		4.040482e-08			
2.6419828673e+01	4		6		4.479529e-08			
2.6419828673e+01	5		1		1.235895e-08			
2.6419828673e+01	5		2		2.553505e-08			
2.6419828673e+01	5		3		3.383269e-08			
2.6419828673e+01	5		4		4.040482e-08			
2.6419828673e+01	5		5		4.619879e-08			
2.6419828673e+01	5		6		5.237189e-08			
2.6419828673e+01	6		1		1.290374e-08			
2.6419828673e+01	6		2		2.728294e-08			
2.6419828673e+01	6		3		3.683334e-08			
2.6419828673e+01	6		4		4.479529e-08			
2.6419828673e+01	6		5		5.237189e-08			
2.6419828673e+01	6		6		6.159056e-08			
2.8793425182e+01	1		1		6.269012e-09			
2.8793425182e+01	1		2		9.396400e-09			
2.8793425182e+01	1		3		1.034297e-08			
2.8793425182e+01	1		4		1.093237e-08			
2.8793425182e+01	1		5		1.139924e-08			
2.8793425182e+01	1		6		1.190582e-08			
2.8793425182e+01	2		1		9.396400e-09			
2.8793425182e+01	2		2		1.726598e-08			
2.8793425182e+01	2		3		2.044798e-08			
2.8793425182e+01	2		4		2.237655e-08			
2.8793425182e+01	2		5		2.390771e-08			
2.8793425182e+01	2		6		2.556940e-08			
2.8793425182e+01	3		1		1.034297e-08			
2.8793425182e+01	3		2		2.044798e-08			
2.8793425182e+01	3		3		2.589293e-08			
2.8793425182e+01	3		4		2.931446e-08			
2.8793425182e+01	3		5		3.197849e-08			
2.8793425182e+01	3		6		3.487607e-08			
2.8793425182e+01	4		1		1.093237e-08			
2.8793425182e+01	4		2		2.237655e-08			
2.8793425182e+01	4		3		2.931446e-08			
2.8793425182e+01	4		4		3.444116e-08			
2.8793425182e+01	4		5		3.843752e-08			
2.8793425182e+01	4		6		4.272583e-08			
2.8793425182e+01	5		1		1.139924e-08			
2.8793425182e+01	5		2		2.390771e-08			
2.8793425182e+01	5		3		3.197849e-08			
2.8793425182e+01	5		4		3.843752e-08			
2.8793425182e+01	5		5		4.416010e-08			
2.8793425182e+01	5		6		5.025203e-08			
2.8793425182e+01	6		1		1.190582e-08			
2.8793425182e+01	6		2		2.556940e-08			
2.8793425182e+01	6		3		3.487607e-08			
2.8793425182e+01	6		4		4.272583e-08			
2.8793425182e+01	6		5		5.025203e-08			
2.8793425182e+01	6		6		5.945439e-08			
3.1380269114e+01	1		1		5.732991e-09			
3.1380269114e+01	1		2		8.628041e-09			
3.1380269114e+01	1		3		9.504499e-09			
3.1380269114e+01	1		4		1.005031e-08			
3.1380269114e+01	1		5		1.048265e-08			
3.1380269114e+01	1		6		1.095177e-08			
3.1380269114e+01	2		1		8.628041e-09			
3.1380269114e+01	2		2		1.600672e-08			
3.1380269114e+01	2		3		1.901634e-08			
3.1380269114e+01	2		4		2.083785e-08			
3.1380269114e+01	2		5		2.228423e-08			
3.1380269114e+01	2		6		2.385392e-08			
3.1380269114e+01	3		1		9.504499e-09			
3.1380269114e+01	3		2		1.901634e-08			
3.1380269114e+01	3		3		2.424100e-08			
3.1380269114e+01	3		4		2.752630e-08			
3.1380269114e+01	3		5		3.008168e-08			
3.1380269114e+01	3		6		3.286149e-08			
3.1380269114e+01	4		1		1.005031e-08			
3.1380269114e+01	4		2		2.083785e-08			
3.1380269114e+01	4		3		2.752630e-08			
3.1380269114e+01	4		4		3.250916e-08			
3.1380269114e+01	4		5		3.639056e-08			
3.1380269114e+01	4		6		4.055285e-08			
3.1380269114e+01	5		1		1.048265e-08			
3.1380269114e+01	5		2		2.228423e-08			
3.1380269114e+01	5		3		3.008168e-08			
3.1380269114e+01	5		4		3.639056e-08			
3.1380269114e+01	5		5		4.200996e-08			
3.1380269114e+01	5		6		4.798666e-08			
3.1380269114e+01	6		1		1.095177e-08			
3.1380269114e+01	6		2		2.385392e-08			
3.1380269114e+01	6		3		3.286149e-08			
3.1380269114e+01	6		4		4.055285e-08			
3.1380269114e+01	6		5		4.798666e-08			
3.1380269114e+01	6		6		5.712424e-08			
3.4199518934e+01	1		1		5.230777e-09			
3.4199518934e+01	1		2		7.902952e-09			
3.4199518934e+01	1		3		8.711846e-09			
3.4199518934e+01	1		4		9.215650e-09			
3.4199518934e+01	1		5		9.614716e-09			
3.4199518934e+01	1		6		1.004773e-08			
3.4199518934e+01	2		1		7.902952e-09			
3.4199518934e+01	2		2		1.478749e-08			
3.4199518934e+01	2		3		1.761695e-08			
3.4199518934e+01	2		4		1.932694e-08			
3.4199518934e+01	2		5		2.068497e-08			
3.4199518934e+01	2		6		2.215880e-08			
3.4199518934e+01	3		1		8.711846e-09			
3.4199518934e+01	3		2		1.761695e-08			
3.4199518934e+01	3		3		2.259754e-08			
3.4199518934e+01	3		4		2.573156e-08			
3.4199518934e+01	3		5		2.816665e-08			
3.4199518934e+01	3		6		3.081602e-08			
3.4199518934e+01	4		1		9.215650e-09			
3.4199518934e+01	4		2		1.932694e-08			
3.4199518934e+01	4		3		2.573156e-08			
3.4199518934e+01	4		4		3.054389e-08			
3.4199518934e+01	4		5		3.428957e-08			
3.4199518934e+01	4		6		3.830355e-08			
3.4199518934e+01	5		1		9.614716e-09			
3.4199518934e+01	5		2		2.068497e-08			
3.4199518934e+01	5		3		2.816665e-08			
3.4199518934e+01	5		4		3.428957e-08			
3.4199518934e+01	5		5		3.977443e-08			
3.4199518934e+01	5		6		4.560242e-08			
3.4199518934e+01	6		1		1.004773e-08			
3.4199518934e+01	6		2		2.215880e-08			
3.4199518934e+01	6		3		3.081602e-08			
3.4199518934e+01	6		4		3.830355e-08			
3.4199518934e+01	6		5		4.560242e-08			
3.4199518934e+01	6		6		5.462530e-08			
3.7272054329e+01	1		1		4.761664e-09			
3.7272054329e+01	1		2		7.222388e-09			
3.7272054329e+01	1		3		7.967105e-09			
3.7272054329e+01	1		4		8.430992e-09			
3.7272054329e+01	1		5		8.798440e-09			
3.7272054329e+01	1		6		9.197147e-09			
3.7272054329e+01	2		1		7.222388e-09			
3.7272054329e+01	2		2		1.361861e-08			
3.7272054329e+01	2		3		1.626397e-08			
3.7272054329e+01	2		4		1.786037e-08			
3.7272054329e+01	2		5		1.912841e-08			
3.7272054329e+01	2		6		2.050457e-08			
3.7272054329e+01	3		1		7.967105e-09			
3.7272054329e+01	3		2		1.626397e-08			
3.7272054329e+01	3		3		2.098142e-08			
3.7272054329e+01	3		4		2.395198e-08			
3.7272054329e+01	3		5		2.625746e-08			
3.7272054329e+01	3		6		2.876622e-08			
3.7272054329e+01	4		1		8.430992e-09			
3.7272054329e+01	4		2		1.786037e-08			
3.7272054329e+01	4		3		2.395198e-08			
3.7272054329e+01	4		4		2.856961e-08			
3.7272054329e+01	4		5		3.216086e-08			
3.7272054329e+01	4		6		3.600650e-08			
3.7272054329e+01	5		1		8.798440e-09			
3.7272054329e+01	5		2		1.912841e-08			
3.7272054329e+01	5		3		2.625746e-08			
3.7272054329e+01	5		4		3.216086e-08			
3.7272054329e+01	5		5		3.748108e-08			
3.7272054329e+01	5		6		4.312832e-08			
3.7272054329e+01	6		1		9.197147e-09			
3.7272054329e+01	6		2		2.050457e-08			
3.7272054329e+01	6		3		2.876622e-08			
3.7272054329e+01	6		4		3.600650e-08			
3.7272054329e+01	6		5		4.312832e-08			
3.7272054329e+01	6		6		5.198614e-08			
4.0620630852e+01	1		1		4.324490e-09			
4.0620630852e+01	1		2		6.586163e-09			
4.0620630852e+01	1		3		7.270602e-09			
4.0620630852e+01	1		4		7.696984e-09			
4.0620630852e+01	1		5		8.034725e-09			
4.0620630852e+01	1		6		8.401199e-09			
4.0620630852e+01	2		1		6.586163e-09			
4.0620630852e+01	2		2		1.250782e-08			
4.0620630852e+01	2		3		1.496901e-08			
4.0620630852e+01	2		4		1.645217e-08			
4.0620630852e+01	2		5		1.763047e-08			
4.0620630852e+01	2		6		1.890923e-08			
4.0620630852e+01	3		1		7.270602e-09			
4.0620630852e+01	3		2		1.496901e-08			
4.0620630852e+01	3		3		1.940974e-08			
4.0620630852e+01	3		4		2.220800e-08			
4.0620630852e+01	3		5		2.437723e-08			
4.0620630852e+01	3		6		2.673814e-08			
4.0620630852e+01	4		1		7.696984e-09			
4.0620630852e+01	4		2		1.645217e-08			
4.0620630852e+01	4		3		2.220800e-08			
4.0620630852e+01	4		4		2.661014e-08			
4.0620630852e+01	4		5		3.003097e-08			
4.0620630852e+01	4		6		3.369123e-08			
4.0620630852e+01	5		1		8.034725e-09			
4.0620630852e+01	5		2		1.763047e-08			
4.0620630852e+01	5		3		2.437723e-08			
4.0620630852e+01	5		4		3.003097e-08			
4.0620630852e+01	5		5		3.515855e-08			
4.0620630852e+01	5		6		4.059543e-08			
4.0620630852e+01	6		1		8.401199e-09			
4.0620630852e+01	6		2		1.890923e-08			
4.0620630852e+01	6		3		2.673814e-08			
4.0620630852e+01	6		4		3.369123e-08			
4.0620630852e+01	6		5		4.059543e-08			
4.0620630852e+01	6		6		4.923854e-08			
4.4270048446e+01	1		1		3.917828e-09			
4.4270048446e+01	1		2		5.992879e-09			
4.4270048446e+01	1		3		6.621106e-09			
4.4270048446e+01	1		4		7.012503e-09			
4.4270048446e+01	1		5		7.322532e-09			
4.4270048446e+01	1		6		7.658937e-09			
4.4270048446e+01	2		1		5.992879e-09			
4.4270048446e+01	2		2		1.146004e-08			
4.4270048446e+01	2		3		1.374063e-08			
4.4270048446e+01	2		4		1.511318e-08			
4.4270048446e+01	2		5		1.620376e-08			
4.4270048446e+01	2		6		1.738734e-08			
4.4270048446e+01	3		1		6.621106e-09			
4.4270048446e+01	3		2		1.374063e-08			
4.4270048446e+01	3		3		1.789704e-08			
4.4270048446e+01	3		4		2.051784e-08			
4.4270048446e+01	3		5		2.254712e-08			
4.4270048446e+01	3		6		2.475609e-08			
4.4270048446e+01	4		1		7.012503e-09			
4.4270048446e+01	4		2		1.511318e-08			
4.4270048446e+01	4		3		2.051784e-08			
4.4270048446e+01	4		4		2.468782e-08			
4.4270048446e+01	4		5		2.792556e-08			
4.4270048446e+01	4		6		3.138705e-08			
4.4270048446e+01	5		1		7.322532e-09			
4.4270048446e+01	5		2		1.620376e-08			
4.4270048446e+01	5		3		2.254712e-08			
4.4270048446e+01	5		4		2.792556e-08			
4.4270048446e+01	5		5		3.283556e-08			
4.4270048446e+01	5		6		3.803585e-08			
4.4270048446e+01	6		1		7.658937e-09			
4.4270048446e+01	6		2		1.738734e-08			
4.4270048446e+01	6		3		2.475609e-08			
4.4270048446e+01	6		4		3.138705e-08			
4.4270048446e+01	6		5		3.803585e-08			
4.4270048446e+01	6		6		4.641660e-08			
4.8247335117e+01	1		1		3.540225e-09			
4.8247335117e+01	1		2		5.440283e-09			
4.8247335117e+01	1		3		6.016186e-09			
4.8247335117e+01	1		4		6.375006e-09			
4.8247335117e+01	1		5		6.659231e-09			
4.8247335117e+01	1		6		6.967637e-09			
4.8247335117e+01	2		1		5.440283e-09			
4.8247335117e+01	2		2		1.047711e-08			
4.8247335117e+01	2		3		1.258383e-08			
4.8247335117e+01	2		4		1.385029e-08			
4.8247335117e+01	2		5		1.485671e-08			
4.8247335117e+01	2		6		1.594896e-08			
4.8247335117e+01	3		1		6.016186e-09			
4.8247335117e+01	3		2		1.258383e-08			
4.8247335117e+01	3		3		1.645447e-08			
4.8247335117e+01	3		4		1.889645e-08			
4.8247335117e+01	3		5		2.078510e-08			
4.8247335117e+01	3		6		2.284134e-08			
4.8247335117e+01	4		1		6.375006e-09			
4.8247335117e+01	4		2		1.385029e-08			
4.8247335117e+01	4		3		1.889645e-08			
4.8247335117e+01	4		4		2.282240e-08			
4.8247335117e+01	4		5		2.586815e-08			
4.8247335117e+01	4		6		2.912163e-08			
4.8247335117e+01	5		1		6.659231e-09			
4.8247335117e+01	5		2		1.485671e-08			
4.8247335117e+01	5		3		2.078510e-08			
4.8247335117e+01	5		4		2.586815e-08			
4.8247335117e+01	5		5		3.053952e-08			
4.8247335117e+01	5		6		3.548132e-08			
4.8247335117e+01	6		1		6.967637e-09			
4.8247335117e+01	6		2		1.594896e-08			
4.8247335117e+01	6		3		2.284134e-08			
4.8247335117e+01	6		4		2.912163e-08			
4.8247335117e+01	6		5		3.548132e-08			
4.8247335117e+01	6		6		4.355550e-08			
5.2581947110e+01	1		1		3.190502e-09			
5.2581947110e+01	1		2		4.925925e-09			
5.2581947110e+01	1		3		5.452960e-09			
5.2581947110e+01	1		4		5.781346e-09			
5.2581947110e+01	1		5		6.041464e-09			
5.2581947110e+01	1		6		6.323714e-09			
5.2581947110e+01	2		1		4.925925e-09			
5.2581947110e+01	2		2		9.558397e-09			
5.2581947110e+01	2		3		1.150028e-08			
5.2581947110e+01	2		4		1.266656e-08			
5.2581947110e+01	2		5		1.359348e-08			
5.2581947110e+01	2		6		1.459945e-08			
5.2581947110e+01	3		1		5.452960e-09			
5.2581947110e+01	3		2		1.150028e-08			
5.2581947110e+01	3		3		1.508961e-08			
5.2581947110e+01	3		4		1.735506e-08			
5.2581947110e+01	3		5		1.910530e-08			
5.2581947110e+01	3		6		2.101116e-08			
5.2581947110e+01	4		1		5.781346e-09			
5.2581947110e+01	4		2		1.266656e-08			
5.2581947110e+01	4		3		1.735506e-08			
5.2581947110e+01	4		4		2.103031e-08			
5.2581947110e+01	4		5		2.387931e-08			
5.2581947110e+01	4		6		2.692004e-08			
5.2581947110e+01	5		1		6.041464e-09			
5.2581947110e+01	5		2		1.359348e-08			
5.2581947110e+01	5		3		1.910530e-08			
5.2581947110e+01	5		4		2.387931e-08			
5.2581947110e+01	5		5		2.829573e-08			
5.2581947110e+01	5		6		3.296230e-08			
5.2581947110e+01	6		1		6.323714e-09			
5.2581947110e+01	6		2		1.459945e-08			
5.2581947110e+01	6		3		2.101116e-08			
5.2581947110e+01	6		4		2.692004e-08			
5.2581947110e+01	6		5		3.296230e-08			
5.2581947110e+01	6		6		4.069056e-08			
5.7305987059e+01	1		1		2.867877e-09			
5.7305987059e+01	1		2		4.447677e-09			
5.7305987059e+01	1		3		4.928730e-09			
5.7305987059e+01	1		4		5.228475e-09			
5.7305987059e+01	1		5		5.465907e-09			
5.7305987059e+01	1		6		5.723540e-09			
5.7305987059e+01	2		1		4.447677e-09			
5.7305987059e+01	2		2		8.701375e-09			
5.7305987059e+01	2		3		1.048884e-08			
5.7305987059e+01	2		4		1.156162e-08			
5.7305987059e+01	2		5		1.241431e-08			
5.7305987059e+01	2		6		1.333973e-08			
5.7305987059e+01	3		1		4.928730e-09			
5.7305987059e+01	3		2		1.048884e-08			
5.7305987059e+01	3		3		1.380652e-08			
5.7305987059e+01	3		4		1.590103e-08			
5.7305987059e+01	3		5		1.751765e-08			
5.7305987059e+01	3		6		1.927829e-08			
5.7305987059e+01	4		1		5.228475e-09			
5.7305987059e+01	4		2		1.156162e-08			
5.7305987059e+01	4		3		1.590103e-08			
5.7305987059e+01	4		4		1.932425e-08			
5.7305987059e+01	4		5		2.197594e-08			
5.7305987059e+01	4		6		2.480374e-08			
5.7305987059e+01	5		1		5.465907e-09			
5.7305987059e+01	5		2		1.241431e-08			
5.7305987059e+01	5		3		1.751765e-08			
5.7305987059e+01	5		4		2.197594e-08			
5.7305987059e+01	5		5		2.612637e-08			
5.7305987059e+01	5		6		3.050681e-08			
5.7305987059e+01	6		1		5.723540e-09			
5.7305987059e+01	6		2		1.333973e-08			
5.7305987059e+01	6		3		1.927829e-08			
5.7305987059e+01	6		4		2.480374e-08			
5.7305987059e+01	6		5		3.050681e-08			
5.7305987059e+01	6		6		3.785610e-08			
6.2454441748e+01	1		1		2.571802e-09			
6.2454441748e+01	1		2		4.003907e-09			
6.2454441748e+01	1		3		4.441296e-09			
6.2454441748e+01	1		4		4.713843e-09			
6.2454441748e+01	1		5		4.929732e-09			
6.2454441748e+01	1		6		5.163989e-09			
6.2454441748e+01	2		1		4.003907e-09			
6.2454441748e+01	2		2		7.902183e-09			
6.2454441748e+01	2		3		9.545893e-09			
6.2454441748e+01	2		4		1.053192e-08			
6.2454441748e+01	2		5		1.131571e-08			
6.2454441748e+01	2		6		1.216635e-08			
6.2454441748e+01	3		1		4.441296e-09			
6.2454441748e+01	3		2		9.545893e-09			
6.2454441748e+01	3		3		1.260564e-08			
6.2454441748e+01	3		4		1.453737e-08			
6.2454441748e+01	3		5		1.602719e-08			
6.2454441748e+01	3		6		1.764993e-08			
6.2454441748e+01	4		1		4.713843e-09			
6.2454441748e+01	4		2		1.053192e-08			
6.2454441748e+01	4		3		1.453737e-08			
6.2454441748e+01	4		4		1.771239e-08			
6.2454441748e+01	4		5		2.017020e-08			
6.2454441748e+01	4		6		2.278926e-08			
6.2454441748e+01	5		1		4.929732e-09			
6.2454441748e+01	5		2		1.131571e-08			
6.2454441748e+01	5		3		1.602719e-08			
6.2454441748e+01	5		4		2.017020e-08			
6.2454441748e+01	5		5		2.404933e-08			
6.2454441748e+01	5		6		2.813890e-08			
6.2454441748e+01	6		1		5.163989e-09			
6.2454441748e+01	6		2		1.216635e-08			
6.2454441748e+01	6		3		1.764993e-08			
6.2454441748e+01	6		4		2.278926e-08			
6.2454441748e+01	6		5		2.813890e-08			
6.2454441748e+01	6		6		3.508370e-08			
6.8065441226e+01	1		1		2.301870e-09			
6.8065441226e+01	1		2		3.593725e-09			
6.8065441226e+01	1		3		3.989359e-09			
6.8065441226e+01	1		4		4.235901e-09			
6.8065441226e+01	1		5		4.431191e-09			
6.8065441226e+01	1		6		4.643097e-09			
6.8065441226e+01	2		1		3.593725e-09			
6.8065441226e+01	2		2		7.156630e-09			
6.8065441226e+01	2		3		8.666474e-09			
6.8065441226e+01	2		4		9.571896e-09			
6.8065441226e+01	2		5		1.029165e-08			
6.8065441226e+01	2		6		1.107278e-08			
6.8065441226e+01	3		1		3.989359e-09			
6.8065441226e+01	3		2		8.666474e-09			
6.8065441226e+01	3		3		1.148442e-08			
6.8065441226e+01	3		4		1.326322e-08			
6.8065441226e+01	3		5		1.463427e-08			
6.8065441226e+01	3		6		1.612780e-08			
6.8065441226e+01	4		1		4.235901e-09			
6.8065441226e+01	4		2		9.571896e-09			
6.8065441226e+01	4		3		1.326322e-08			
6.8065441226e+01	4		4		1.619833e-08			
6.8065441226e+01	4		5		1.846918e-08			
6.8065441226e+01	4		6		2.088741e-08			
6.8065441226e+01	5		1		4.431191e-09			
6.8065441226e+01	5		2		1.029165e-08			
6.8065441226e+01	5		3		1.463427e-08			
6.8065441226e+01	5		4		1.846918e-08			
6.8065441226e+01	5		5		2.207738e-08			
6.8065441226e+01	5		6		2.587747e-08			
6.8065441226e+01	6		1		4.643097e-09			
6.8065441226e+01	6		2		1.107278e-08			
6.8065441226e+01	6		3		1.612780e-08			
6.8065441226e+01	6		4		2.088741e-08			
6.8065441226e+01	6		5		2.587747e-08			
6.8065441226e+01	6		6		3.240083e-08			
7.4180541202e+01	1		1		2.057603e-09			
7.4180541202e+01	1		2		3.216976e-09			
7.4180541202e+01	1		3		3.572654e-09			
7.4180541202e+01	1		4		3.794316e-09			
7.4180541202e+01	1		5		3.969898e-09			
7.4180541202e+01	1		6		4.160421e-09			
7.4180541202e+01	2		1		3.216976e-09			
7.4180541202e+01	2		2		6.461248e-09			
7.4180541202e+01	2		3		7.845576e-09			
7.4180541202e+01	2		4		8.675477e-09			
7.4180541202e+01	2		5		9.335211e-09			
7.4180541202e+01	2		6		1.005121e-08			
7.4180541202e+01	3		1		3.572654e-09			
7.4180541202e+01	3		2		7.845576e-09			
7.4180541202e+01	3		3		1.043857e-08			
7.4180541202e+01	3		4		1.207487e-08			
7.4180541202e+01	3		5		1.333559e-08			
7.4180541202e+01	3		6		1.470903e-08			
7.4180541202e+01	4		1		3.794316e-09			
7.4180541202e+01	4		2		8.675477e-09			
7.4180541202e+01	4		3		1.207487e-08			
7.4180541202e+01	4		4		1.478189e-08			
7.4180541202e+01	4		5		1.687533e-08			
7.4180541202e+01	4		6		1.910345e-08			
7.4180541202e+01	5		1		3.969898e-09			
7.4180541202e+01	5		2		9.335211e-09			
7.4180541202e+01	5		3		1.333559e-08			
7.4180541202e+01	5		4		1.687533e-08			
7.4180541202e+01	5		5		2.021830e-08			
7.4180541202e+01	5		6		2.373597e-08			
7.4180541202e+01	6		1		4.160421e-09			
7.4180541202e+01	6		2		1.005121e-08			
7.4180541202e+01	6		3		1.470903e-08			
7.4180541202e+01	6		4		1.910345e-08			
7.4180541202e+01	6		5		2.373597e-08			
7.4180541202e+01	6		6		2.983002e-08			
8.0845030810e+01	1		1		1.838145e-09			
8.0845030810e+01	1		2		2.873812e-09			
8.0845030810e+01	1		3		3.191571e-09			
8.0845030810e+01	1		4		3.389628e-09			
8.0845030810e+01	1		5		3.546513e-09			
8.0845030810e+01	1		6		3.716747e-09			
8.0845030810e+01	2		1		2.873812e-09			
8.0845030810e+01	2		2		5.813809e-09			
8.0845030810e+01	2		3		7.079062e-09			
8.0845030810e+01	2		4		7.837253e-09			
8.0845030810e+01	2		5		8.439998e-09			
8.0845030810e+01	2		6		9.094152e-09			
8.0845030810e+01	3		1		3.191571e-09			
8.0845030810e+01	3		2		7.079062e-09			
8.0845030810e+01	3		3		9.462894e-09			
8.0845030810e+01	3		4		1.096670e-08			
8.0845030810e+01	3		5		1.212508e-08			
8.0845030810e+01	3		6		1.338707e-08			
8.0845030810e+01	4		1		3.389628e-09			
8.0845030810e+01	4		2		7.837253e-09			
8.0845030810e+01	4		3		1.096670e-08			
8.0845030810e+01	4		4		1.345963e-08			
8.0845030810e+01	4		5		1.538684e-08			
8.0845030810e+01	4		6		1.743723e-08			
8.0845030810e+01	5		1		3.546513e-09			
8.0845030810e+01	5		2		8.439998e-09			
8.0845030810e+01	5		3		1.212508e-08			
8.0845030810e+01	5		4		1.538684e-08			
8.0845030810e+01	5		5		1.847483e-08			
8.0845030810e+01	5		6		2.172189e-08			
8.0845030810e+01	6		1		3.716747e-09			
8.0845030810e+01	6		2		9.094152e-09			
8.0845030810e+01	6		3		1.338707e-08			
8.0845030810e+01	6		4		1.743723e-08			
8.0845030810e+01	6		5		2.172189e-08			
8.0845030810e+01	6		6		2.738787e-08			
8.8108268027e+01	1		1		1.642115e-09			
8.8108268027e+01	1		2		2.564157e-09			
8.8108268027e+01	1		3		2.846553e-09			
8.8108268027e+01	1		4		3.022601e-09			
8.8108268027e+01	1		5		3.162051e-09			
8.8108268027e+01	1		6		3.313367e-09			
8.8108268027e+01	2		1		2.564157e-09			
8.8108268027e+01	2		2		5.213619e-09			
8.8108268027e+01	2		3		6.364460e-09			
8.8108268027e+01	2		4		7.053605e-09			
8.8108268027e+01	2		5		7.601487e-09			
8.8108268027e+01	2		6		8.196102e-09			
8.8108268027e+01	3		1		2.846553e-09			
8.8108268027e+01	3		2		6.364460e-09			
8.8108268027e+01	3		3		8.552426e-09			
8.8108268027e+01	3		4		9.932409e-09			
8.8108268027e+01	3		5		1.099522e-08			
8.8108268027e+01	3		6		1.215313e-08			
8.8108268027e+01	4		1		3.022601e-09			
8.8108268027e+01	4		2		7.053605e-09			
8.8108268027e+01	4		3		9.932409e-09			
8.8108268027e+01	4		4		1.222589e-08			
8.8108268027e+01	4		5		1.399839e-08			
8.8108268027e+01	4		6		1.588374e-08			
8.8108268027e+01	5		1		3.162051e-09			
8.8108268027e+01	5		2		7.601487e-09			
8.8108268027e+01	5		3		1.099522e-08			
8.8108268027e+01	5		4		1.399839e-08			
8.8108268027e+01	5		5		1.684497e-08			
8.8108268027e+01	5		6		1.983659e-08			
8.8108268027e+01	6		1		3.313367e-09			
8.8108268027e+01	6		2		8.196102e-09			
8.8108268027e+01	6		3		1.215313e-08			
8.8108268027e+01	6		4		1.588374e-08			
8.8108268027e+01	6		5		1.983659e-08			
8.8108268027e+01	6		6		2.508423e-08			
9.6024045225e+01	1		1		1.467592e-09			
9.6024045225e+01	1		2		2.287205e-09			
9.6024045225e+01	1		3		2.537412e-09			
9.6024045225e+01	1		4		2.693425e-09			
9.6024045225e+01	1		5		2.817006e-09			
9.6024045225e+01	1		6		2.951102e-09			
9.6024045225e+01	2		1		2.287205e-09			
9.6024045225e+01	2		2		4.661354e-09			
9.6024045225e+01	2		3		5.701437e-09			
9.6024045225e+01	2		4		6.323571e-09			
9.6024045225e+01	2		5		6.818223e-09			
9.6024045225e+01	2		6		7.355069e-09			
9.6024045225e+01	3		1		2.537412e-09			
9.6024045225e+01	3		2		5.701437e-09			
9.6024045225e+01	3		3		7.703480e-09			
9.6024045225e+01	3		4		8.966435e-09			
9.6024045225e+01	3		5		9.938884e-09			
9.6024045225e+01	3		6		1.099838e-08			
9.6024045225e+01	4		1		2.693425e-09			
9.6024045225e+01	4		2		6.323571e-09			
9.6024045225e+01	4		3		8.966435e-09			
9.6024045225e+01	4		4		1.107425e-08			
9.6024045225e+01	4		5		1.270282e-08			
9.6024045225e+01	4		6		1.443483e-08			
9.6024045225e+01	5		1		2.817006e-09			
9.6024045225e+01	5		2		6.818223e-09			
9.6024045225e+01	5		3		9.938884e-09			
9.6024045225e+01	5		4		1.270282e-08			
9.6024045225e+01	5		5		1.532334e-08			
9.6024045225e+01	5		6		1.807635e-08			
9.6024045225e+01	6		1		2.951102e-09			
9.6024045225e+01	6		2		7.355069e-09			
9.6024045225e+01	6		3		1.099838e-08			
9.6024045225e+01	6		4		1.443483e-08			
9.6024045225e+01	6		5		1.807635e-08			
9.6024045225e+01	6		6		2.292247e-08			
1.0465098756e+02	1		1		1.312340e-09			
1.0465098756e+02	1		2		2.041148e-09			
1.0465098756e+02	1		3		2.262829e-09			
1.0465098756e+02	1		4		2.401082e-09			
1.0465098756e+02	1		5		2.510595e-09			
1.0465098756e+02	1		6		2.629426e-09			
1.0465098756e+02	2		1		2.041148e-09			
1.0465098756e+02	2		2		4.158366e-09			
1.0465098756e+02	2		3		5.091569e-09			
1.0465098756e+02	2		4		5.648905e-09			
1.0465098756e+02	2		5		6.092106e-09			
1.0465098756e+02	2		6		6.573113e-09			
1.0465098756e+02	3		1		2.262829e-09			
1.0465098756e+02	3		2		5.091569e-09			
1.0465098756e+02	3		3		6.914458e-09			
1.0465098756e+02	3		4		8.065274e-09			
1.0465098756e+02	3		5		8.950980e-09			
1.0465098756e+02	3		6		9.916008e-09			
1.0465098756e+02	4		1		2.401082e-09			
1.0465098756e+02	4		2		5.648905e-09			
1.0465098756e+02	4		3		8.065274e-09			
1.0465098756e+02	4		4		9.999232e-09			
1.0465098756e+02	4		5		1.149296e-08			
1.0465098756e+02	4		6		1.308139e-08			
1.0465098756e+02	5		1		2.510595e-09			
1.0465098756e+02	5		2		6.092106e-09			
1.0465098756e+02	5		3		8.950980e-09			
1.0465098756e+02	5		4		1.149296e-08			
1.0465098756e+02	5		5		1.390296e-08			
1.0465098756e+02	5		6		1.643411e-08			
1.0465098756e+02	6		1		2.629426e-09			
1.0465098756e+02	6		2		6.573113e-09			
1.0465098756e+02	6		3		9.916008e-09			
1.0465098756e+02	6		4		1.308139e-08			
1.0465098756e+02	6		5		1.643411e-08			
1.0465098756e+02	6		6		2.090069e-08			
1.1405298717e+02	1		1		1.174047e-09			
1.1405298717e+02	1		2		1.823069e-09			
1.1405298717e+02	1		3		2.019996e-09			
1.1405298717e+02	1		4		2.142828e-09			
1.1405298717e+02	1		5		2.240125e-09			
1.1405298717e+02	1		6		2.345700e-09			
1.1405298717e+02	2		1		1.823069e-09			
1.1405298717e+02	2		2		3.705435e-09			
1.1405298717e+02	2		3		4.537043e-09			
1.1405298717e+02	2		4		5.032779e-09			
1.1405298717e+02	2		5		5.427080e-09			
1.1405298717e+02	2		6		5.855015e-09			
1.1405298717e+02	3		1		2.019996e-09			
1.1405298717e+02	3		2		4.537043e-09			
1.1405298717e+02	3		3		6.185691e-09			
1.1405298717e+02	3		4		7.227885e-09			
1.1405298717e+02	3		5		8.029352e-09			
1.1405298717e+02	3		6		8.902679e-09			
1.1405298717e+02	4		1		2.142828e-09			
1.1405298717e+02	4		2		5.032779e-09			
1.1405298717e+02	4		3		7.227885e-09			
1.1405298717e+02	4		4		8.997037e-09			
1.1405298717e+02	4		5		1.036288e-08			
1.1405298717e+02	4		6		1.181505e-08			
1.1405298717e+02	5		1		2.240125e-09			
1.1405298717e+02	5		2		5.427080e-09			
1.1405298717e+02	5		3		8.029352e-09			
1.1405298717e+02	5		4		1.036288e-08			
1.1405298717e+02	5		5		1.257656e-08			
1.1405298717e+02	5		6		1.490091e-08			
1.1405298717e+02	6		1		2.345700e-09			
1.1405298717e+02	6		2		5.855015e-09			
1.1405298717e+02	6		3		8.902679e-09			
1.1405298717e+02	6		4		1.181505e-08			
1.1405298717e+02	6		5		1.490091e-08			
1.1405298717e+02	6		6		1.901261e-08			
1.2429967633e+02	1		1		1.050687e-09			
1.2429967633e+02	1		2		1.629431e-09			
1.2429967633e+02	1		3		1.804986e-09			
1.2429967633e+02	1		4		1.914490e-09			
1.2429967633e+02	1		5		2.001229e-09			
1.2429967633e+02	1		6		2.095348e-09			
1.2429967633e+02	2		1		1.629431e-09			
1.2429967633e+02	2		2		3.301718e-09			
1.2429967633e+02	2		3		4.039237e-09			
1.2429967633e+02	2		4		4.478053e-09			
1.2429967633e+02	2		5		4.827171e-09			
1.2429967633e+02	2		6		5.206068e-09			
1.2429967633e+02	3		1		1.804986e-09			
1.2429967633e+02	3		2		4.039237e-09			
1.2429967633e+02	3		3		5.518698e-09			
1.2429967633e+02	3		4		6.455572e-09			
1.2429967633e+02	3		5		7.175160e-09			
1.2429967633e+02	3		6		7.959393e-09			
1.2429967633e+02	4		1		1.914490e-09			
1.2429967633e+02	4		2		4.478053e-09			
1.2429967633e+02	4		3		6.455572e-09			
1.2429967633e+02	4		4		8.066202e-09			
1.2429967633e+02	4		5		9.309010e-09			
1.2429967633e+02	4		6		1.062987e-08			
1.2429967633e+02	5		1		2.001229e-09			
1.2429967633e+02	5		2		4.827171e-09			
1.2429967633e+02	5		3		7.175160e-09			
1.2429967633e+02	5		4		9.309010e-09			
1.2429967633e+02	5		5		1.133815e-08			
1.2429967633e+02	5		6		1.346790e-08			
1.2429967633e+02	6		1		2.095348e-09			
1.2429967633e+02	6		2		5.206068e-09			
1.2429967633e+02	6		3		7.959393e-09			
1.2429967633e+02	6		4		1.062987e-08			
1.2429967633e+02	6		5		1.346790e-08			
1.2429967633e+02	6		6		1.724934e-08			
1.3546694321e+02	1		1		9.406249e-10			
1.3546694321e+02	1		2		1.456748e-09			
1.3546694321e+02	1		3		1.613554e-09			
1.3546694321e+02	1		4		1.711354e-09			
1.3546694321e+02	1		5		1.788823e-09			
1.3546694321e+02	1		6		1.872884e-09			
1.3546694321e+02	2		1		1.456748e-09			
1.3546694321e+02	2		2		2.943963e-09			
1.3546694321e+02	2		3		3.597148e-09			
1.3546694321e+02	2		4		3.985174e-09			
1.3546694321e+02	2		5		4.293960e-09			
1.3546694321e+02	2		6		4.629087e-09			
1.3546694321e+02	3		1		1.613554e-09			
1.3546694321e+02	3		2		3.597148e-09			
1.3546694321e+02	3		3		4.914937e-09			
1.3546694321e+02	3		4		5.750819e-09			
1.3546694321e+02	3		5		6.391813e-09			
1.3546694321e+02	3		6		7.090552e-09			
1.3546694321e+02	4		1		1.711354e-09			
1.3546694321e+02	4		2		3.985174e-09			
1.3546694321e+02	4		3		5.750819e-09			
1.3546694321e+02	4		4		7.207567e-09			
1.3546694321e+02	4		5		8.330878e-09			
1.3546694321e+02	4		6		9.523943e-09			
1.3546694321e+02	5		1		1.788823e-09			
1.3546694321e+02	5		2		4.293960e-09			
1.3546694321e+02	5		3		6.391813e-09			
1.3546694321e+02	5		4		8.330878e-09			
1.3546694321e+02	5		5		1.018421e-08			
1.3546694321e+02	5		6		1.212826e-08			
1.3546694321e+02	6		1		1.872884e-09			
1.3546694321e+02	6		2		4.629087e-09			
1.3546694321e+02	6		3		7.090552e-09			
1.3546694321e+02	6		4		9.523943e-09			
1.3546694321e+02	6		5		1.212826e-08			
1.3546694321e+02	6		6		1.560166e-08			
1.4763749388e+02	1		1		8.426109e-10			
1.4763749388e+02	1		2		1.302320e-09			
1.4763749388e+02	1		3		1.442236e-09			
1.4763749388e+02	1		4		1.529492e-09			
1.4763749388e+02	1		5		1.598608e-09			
1.4763749388e+02	1		6		1.673606e-09			
1.4763749388e+02	2		1		1.302320e-09			
1.4763749388e+02	2		2		2.626910e-09			
1.4763749388e+02	2		3		3.206613e-09			
1.4763749388e+02	2		4		3.550683e-09			
1.4763749388e+02	2		5		3.824534e-09			
1.4763749388e+02	2		6		4.121747e-09			
1.4763749388e+02	3		1		1.442236e-09			
1.4763749388e+02	3		2		3.206613e-09			
1.4763749388e+02	3		3		4.374538e-09			
1.4763749388e+02	3		4		5.115836e-09			
1.4763749388e+02	3		5		5.683314e-09			
1.4763749388e+02	3		6		6.302085e-09			
1.4763749388e+02	4		1		1.529492e-09			
1.4763749388e+02	4		2		3.550683e-09			
1.4763749388e+02	4		3		5.115836e-09			
1.4763749388e+02	4		4		6.423303e-09			
1.4763749388e+02	4		5		7.430785e-09			
1.4763749388e+02	4		6		8.499764e-09			
1.4763749388e+02	5		1		1.598608e-09			
1.4763749388e+02	5		2		3.824534e-09			
1.4763749388e+02	5		3		5.683314e-09			
1.4763749388e+02	5		4		7.430785e-09			
1.4763749388e+02	5		5		9.114384e-09			
1.4763749388e+02	5		6		1.087884e-08			
1.4763749388e+02	6		1		1.673606e-09			
1.4763749388e+02	6		2		4.121747e-09			
1.4763749388e+02	6		3		6.302085e-09			
1.4763749388e+02	6		4		8.499764e-09			
1.4763749388e+02	6		5		1.087884e-08			
1.4763749388e+02	6		6		1.406226e-08			
1.6090146483e+02	1		1		7.555442e-10			
1.6090146483e+02	1		2		1.164355e-09			
1.6090146483e+02	1		3		1.288794e-09			
1.6090146483e+02	1		4		1.366393e-09			
1.6090146483e+02	1		5		1.427861e-09			
1.6090146483e+02	1		6		1.494559e-09			
1.6090146483e+02	2		1		1.164355e-09			
1.6090146483e+02	2		2		2.344526e-09			
1.6090146483e+02	2		3		2.860823e-09			
1.6090146483e+02	2		4		3.167253e-09			
1.6090146483e+02	2		5		3.411150e-09			
1.6090146483e+02	2		6		3.675854e-09			
1.6090146483e+02	3		1		1.288794e-09			
1.6090146483e+02	3		2		2.860823e-09			
1.6090146483e+02	3		3		3.894876e-09			
1.6090146483e+02	3		4		4.550512e-09			
1.6090146483e+02	3		5		5.051664e-09			
1.6090146483e+02	3		6		5.598264e-09			
1.6090146483e+02	4		1		1.366393e-09			
1.6090146483e+02	4		2		3.167253e-09			
1.6090146483e+02	4		3		4.550512e-09			
1.6090146483e+02	4		4		5.715089e-09			
1.6090146483e+02	4		5		6.611888e-09			
1.6090146483e+02	4		6		7.562238e-09			
1.6090146483e+02	5		1		1.427861e-09			
1.6090146483e+02	5		2		3.411150e-09			
1.6090146483e+02	5		3		5.051664e-09			
1.6090146483e+02	5		4		6.611888e-09			
1.6090146483e+02	5		5		8.130627e-09			
1.6090146483e+02	5		6		9.720400e-09			
1.6090146483e+02	6		1		1.494559e-09			
1.6090146483e+02	6		2		3.675854e-09			
1.6090146483e+02	6		3		5.598264e-09			
1.6090146483e+02	6		4		7.562238e-09			
1.6090146483e+02	6		5		9.720400e-09			
1.6090146483e+02	6		6		1.262681e-08			
1.7535709057e+02	1		1		6.783133e-10			
1.7535709057e+02	1		2		1.041695e-09			
1.7535709057e+02	1		3		1.152064e-09			
1.7535709057e+02	1		4		1.220893e-09			
1.7535709057e+02	1		5		1.275413e-09			
1.7535709057e+02	1		6		1.334572e-09			
1.7535709057e+02	2		1		1.041695e-09			
1.7535709057e+02	2		2		2.091729e-09			
1.7535709057e+02	2		3		2.552418e-09			
1.7535709057e+02	2		4		2.826004e-09			
1.7535709057e+02	2		5		3.043736e-09			
1.7535709057e+02	2		6		3.280042e-09			
1.7535709057e+02	3		1		1.152064e-09			
1.7535709057e+02	3		2		2.552418e-09			
1.7535709057e+02	3		3		3.470307e-09			
1.7535709057e+02	3		4		4.050936e-09			
1.7535709057e+02	3		5		4.494390e-09			
1.7535709057e+02	3		6		4.978148e-09			
1.7535709057e+02	4		1		1.220893e-09			
1.7535709057e+02	4		2		2.826004e-09			
1.7535709057e+02	4		3		4.050936e-09			
1.7535709057e+02	4		4		5.082486e-09			
1.7535709057e+02	4		5		5.876288e-09			
1.7535709057e+02	4		6		6.716398e-09			
1.7535709057e+02	5		1		1.275413e-09			
1.7535709057e+02	5		2		3.043736e-09			
1.7535709057e+02	5		3		4.494390e-09			
1.7535709057e+02	5		4		5.876288e-09			
1.7535709057e+02	5		5		7.235559e-09			
1.7535709057e+02	5		6		8.656497e-09			
1.7535709057e+02	6		1		1.334572e-09			
1.7535709057e+02	6		2		3.280042e-09			
1.7535709057e+02	6		3		4.978148e-09			
1.7535709057e+02	6		4		6.716398e-09			
1.7535709057e+02	6		5		8.656497e-09			
1.7535709057e+02	6		6		1.129464e-08			
1.9111143111e+02	1		1		6.097384e-10			
1.9111143111e+02	1		2		9.331746e-10			
1.9111143111e+02	1		3		1.031095e-09			
1.9111143111e+02	1		4		1.092168e-09			
1.9111143111e+02	1		5		1.140545e-09			
1.9111143111e+02	1		6		1.193038e-09			
1.9111143111e+02	2		1		9.331746e-10			
1.9111143111e+02	2		2		1.865290e-09			
1.9111143111e+02	2		3		2.275647e-09			
1.9111143111e+02	2		4		2.519503e-09			
1.9111143111e+02	2		5		2.713547e-09			
1.9111143111e+02	2		6		2.924145e-09			
1.9111143111e+02	3		1		1.031095e-09			
1.9111143111e+02	3		2		2.275647e-09			
1.9111143111e+02	3		3		3.093302e-09			
1.9111143111e+02	3		4		3.609446e-09			
1.9111143111e+02	3		5		4.003681e-09			
1.9111143111e+02	3		6		4.433756e-09			
1.9111143111e+02	4		1		1.092168e-09			
1.9111143111e+02	4		2		2.519503e-09			
1.9111143111e+02	4		3		3.609446e-09			
1.9111143111e+02	4		4		4.521605e-09			
1.9111143111e+02	4		5		5.222933e-09			
1.9111143111e+02	4		6		5.964410e-09			
1.9111143111e+02	5		1		1.140545e-09			
1.9111143111e+02	5		2		2.713547e-09			
1.9111143111e+02	5		3		4.003681e-09			
1.9111143111e+02	5		4		5.222933e-09			
1.9111143111e+02	5		5		6.430570e-09			
1.9111143111e+02	5		6		7.691393e-09			
1.9111143111e+02	6		1		1.193038e-09			
1.9111143111e+02	6		2		2.924145e-09			
1.9111143111e+02	6		3		4.433756e-09			
1.9111143111e+02	6		4		5.964410e-09			
1.9111143111e+02	6		5		7.691393e-09			
1.9111143111e+02	6		6		1.006820e-08			
2.0828116492e+02	1		1		5.487015e-10			
2.0828116492e+02	1		2		8.372583e-10			
2.0828116492e+02	1		3		9.244362e-10			
2.0828116492e+02	1		4		9.788125e-10			
2.0828116492e+02	1		5		1.021885e-09			
2.0828116492e+02	1		6		1.068621e-09			
2.0828116492e+02	2		1		8.372583e-10			
2.0828116492e+02	2		2		1.663624e-09			
2.0828116492e+02	2		3		2.027523e-09			
2.0828116492e+02	2		4		2.243825e-09			
2.0828116492e+02	2		5		2.415932e-09			
2.0828116492e+02	2		6		2.602721e-09			
2.0828116492e+02	3		1		9.244362e-10			
2.0828116492e+02	3		2		2.027523e-09			
2.0828116492e+02	3		3		2.756608e-09			
2.0828116492e+02	3		4		3.216784e-09			
2.0828116492e+02	3		5		3.568522e-09			
2.0828116492e+02	3		6		3.952189e-09			
2.0828116492e+02	4		1		9.788125e-10			
2.0828116492e+02	4		2		2.243825e-09			
2.0828116492e+02	4		3		3.216784e-09			
2.0828116492e+02	4		4		4.025108e-09			
2.0828116492e+02	4		5		4.646091e-09			
2.0828116492e+02	4		6		5.302348e-09			
2.0828116492e+02	5		1		1.021885e-09			
2.0828116492e+02	5		2		2.415932e-09			
2.0828116492e+02	5		3		3.568522e-09			
2.0828116492e+02	5		4		4.646091e-09			
2.0828116492e+02	5		5		5.713956e-09			
2.0828116492e+02	5		6		6.827610e-09			
2.0828116492e+02	6		1		1.068621e-09			
2.0828116492e+02	6		2		2.602721e-09			
2.0828116492e+02	6		3		3.952189e-09			
2.0828116492e+02	6		4		5.302348e-09			
2.0828116492e+02	6		5		6.827610e-09			
2.0828116492e+02	6		6		8.951245e-09			
2.2699345303e+02	1		1		4.942582e-10			
2.2699345303e+02	1		2		7.521737e-10			
2.2699345303e+02	1		3		8.300703e-10			
2.2699345303e+02	1		4		8.786538e-10			
2.2699345303e+02	1		5		9.171375e-10			
2.2699345303e+02	1		6		9.588951e-10			
2.2699345303e+02	2		1		7.521737e-10			
2.2699345303e+02	2		2		1.485347e-09			
2.2699345303e+02	2		3		1.806881e-09			
2.2699345303e+02	2		4		1.997919e-09			
2.2699345303e+02	2		5		2.149937e-09			
2.2699345303e+02	2		6		2.314922e-09			
2.2699345303e+02	3		1		8.300703e-10			
2.2699345303e+02	3		2		1.806881e-09			
2.2699345303e+02	3		3		2.454910e-09			
2.2699345303e+02	3		4		2.864875e-09			
2.2699345303e+02	3		5		3.178452e-09			
2.2699345303e+02	3		6		3.520437e-09			
2.2699345303e+02	4		1		8.786538e-10			
2.2699345303e+02	4		2		1.997919e-09			
2.2699345303e+02	4		3		2.864875e-09			
2.2699345303e+02	4		4		3.583873e-09			
2.2699345303e+02	4		5		4.135951e-09			
2.2699345303e+02	4		6		4.719551e-09			
2.2699345303e+02	5		1		9.171375e-10			
2.2699345303e+02	5		2		2.149937e-09			
2.2699345303e+02	5		3		3.178452e-09			
2.2699345303e+02	5		4		4.135951e-09			
2.2699345303e+02	5		5		5.079608e-09			
2.2699345303e+02	5		6		6.062936e-09			
2.2699345303e+02	6		1		9.588951e-10			
2.2699345303e+02	6		2		2.314922e-09			
2.2699345303e+02	6		3		3.520437e-09			
2.2699345303e+02	6		4		4.719551e-09			
2.2699345303e+02	6		5		6.062936e-09			
2.2699345303e+02	6		6		7.946152e-09			
2.4738688080e+02	1		1		4.456403e-10			
2.4738688080e+02	1		2		6.763916e-10			
2.4738688080e+02	1		3		7.460864e-10			
2.4738688080e+02	1		4		7.895486e-10			
2.4738688080e+02	1		5		8.239754e-10			
2.4738688080e+02	1		6		8.613311e-10			
2.4738688080e+02	2		1		6.763916e-10			
2.4738688080e+02	2		2		1.328176e-09			
2.4738688080e+02	2		3		1.612391e-09			
2.4738688080e+02	2		4		1.781110e-09			
2.4738688080e+02	2		5		1.915391e-09			
2.4738688080e+02	2		6		2.061127e-09			
2.4738688080e+02	3		1		7.460864e-10			
2.4738688080e+02	3		2		1.612391e-09			
2.4738688080e+02	3		3		2.185391e-09			
2.4738688080e+02	3		4		2.548891e-09			
2.4738688080e+02	3		5		2.826954e-09			
2.4738688080e+02	3		6		3.130186e-09			
2.4738688080e+02	4		1		7.895486e-10			
2.4738688080e+02	4		2		1.781110e-09			
2.4738688080e+02	4		3		2.548891e-09			
2.4738688080e+02	4		4		3.189516e-09			
2.4738688080e+02	4		5		3.681480e-09			
2.4738688080e+02	4		6		4.201873e-09			
2.4738688080e+02	5		1		8.239754e-10			
2.4738688080e+02	5		2		1.915391e-09			
2.4738688080e+02	5		3		2.826954e-09			
2.4738688080e+02	5		4		3.681480e-09			
2.4738688080e+02	5		5		4.517711e-09			
2.4738688080e+02	5		6		5.388807e-09			
2.4738688080e+02	6		1		8.613311e-10			
2.4738688080e+02	6		2		2.061127e-09			
2.4738688080e+02	6		3		3.130186e-09			
2.4738688080e+02	6		4		4.201873e-09			
2.4738688080e+02	6		5		5.388807e-09			
2.4738688080e+02	6		6		7.051289e-09			
2.6961248430e+02	1		1		4.021609e-10			
2.6961248430e+02	1		2		6.088305e-10			
2.6961248430e+02	1		3		6.711849e-10			
2.6961248430e+02	1		4		7.100668e-10			
2.6961248430e+02	1		5		7.408655e-10			
2.6961248430e+02	1		6		7.742843e-10			
2.6961248430e+02	2		1		6.088305e-10			
2.6961248430e+02	2		2		1.189103e-09			
2.6961248430e+02	2		3		1.441219e-09			
2.6961248430e+02	2		4		1.590809e-09			
2.6961248430e+02	2		5		1.709876e-09			
2.6961248430e+02	2		6		1.839100e-09			
2.6961248430e+02	3		1		6.711849e-10			
2.6961248430e+02	3		2		1.441219e-09			
2.6961248430e+02	3		3		1.946499e-09			
2.6961248430e+02	3		4		2.267102e-09			
2.6961248430e+02	3		5		2.512192e-09			
2.6961248430e+02	3		6		2.779496e-09			
2.6961248430e+02	4		1		7.100668e-10			
2.6961248430e+02	4		2		1.590809e-09			
2.6961248430e+02	4		3		2.267102e-09			
2.6961248430e+02	4		4		2.836269e-09			
2.6961248430e+02	4		5		3.273765e-09			
2.6961248430e+02	4		6		3.736755e-09			
2.6961248430e+02	5		1		7.408655e-10			
2.6961248430e+02	5		2		1.709876e-09			
2.6961248430e+02	5		3		2.512192e-09			
2.6961248430e+02	5		4		3.273765e-09			
2.6961248430e+02	5		5		4.017400e-09			
2.6961248430e+02	5		6		4.792096e-09			
2.6961248430e+02	6		1		7.742843e-10			
2.6961248430e+02	6		2		1.839100e-09			
2.6961248430e+02	6		3		2.779496e-09			
2.6961248430e+02	6		4		3.736755e-09			
2.6961248430e+02	6		5		4.792096e-09			
2.6961248430e+02	6		6		6.259503e-09			
2.9383486891e+02	1		1		3.631727e-10			
2.9383486891e+02	1		2		5.486235e-10			
2.9383486891e+02	1		3		6.044838e-10			
2.9383486891e+02	1		4		6.393158e-10			
2.9383486891e+02	1		5		6.669066e-10			
2.9383486891e+02	1		6		6.968446e-10			
2.9383486891e+02	2		1		5.486235e-10			
2.9383486891e+02	2		2		1.065525e-09			
2.9383486891e+02	2		3		1.289742e-09			
2.9383486891e+02	2		4		1.422851e-09			
2.9383486891e+02	2		5		1.528790e-09			
2.9383486891e+02	2		6		1.643766e-09			
2.9383486891e+02	3		1		6.044838e-10			
2.9383486891e+02	3		2		1.289742e-09			
2.9383486891e+02	3		3		1.736067e-09			
2.9383486891e+02	3		4		2.018506e-09			
2.9383486891e+02	3		5		2.234227e-09			
2.9383486891e+02	3		6		2.469549e-09			
2.9383486891e+02	4		1		6.393158e-10			
2.9383486891e+02	4		2		1.422851e-09			
2.9383486891e+02	4		3		2.018506e-09			
2.9383486891e+02	4		4		2.521197e-09			
2.9383486891e+02	4		5		2.907981e-09			
2.9383486891e+02	4		6		3.317240e-09			
2.9383486891e+02	5		1		6.669066e-10			
2.9383486891e+02	5		2		1.528790e-09			
2.9383486891e+02	5		3		2.234227e-09			
2.9383486891e+02	5		4		2.907981e-09			
2.9383486891e+02	5		5		3.569630e-09			
2.9383486891e+02	5		6		4.259183e-09			
2.9383486891e+02	6		1		6.968446e-10			
2.9383486891e+02	6		2		1.643766e-09			
2.9383486891e+02	6		3		2.469549e-09			
2.9383486891e+02	6		4		3.317240e-09			
2.9383486891e+02	6		5		4.259183e-09			
2.9383486891e+02	6		6		5.558671e-09			
3.2023342840e+02	1		1		3.281047e-10			
3.2023342840e+02	1		2		4.948657e-10			
3.2023342840e+02	1		3		5.450475e-10			
3.2023342840e+02	1		4		5.763370e-10			
3.2023342840e+02	1		5		6.011217e-10			
3.2023342840e+02	1		6		6.280148e-10			
3.2023342840e+02	2		1		4.948657e-10			
3.2023342840e+02	2		2		9.557481e-10			
3.2023342840e+02	2		3		1.155094e-09			
3.2023342840e+02	2		4		1.273583e-09			
3.2023342840e+02	2		5		1.367869e-09			
3.2023342840e+02	2		6		1.470199e-09			
3.2023342840e+02	3		1		5.450475e-10			
3.2023342840e+02	3		2		1.155094e-09			
3.2023342840e+02	3		3		1.550562e-09			
3.2023342840e+02	3		4		1.800289e-09			
3.2023342840e+02	3		5		1.990962e-09			
3.2023342840e+02	3		6		2.198981e-09			
3.2023342840e+02	4		1		5.763370e-10			
3.2023342840e+02	4		2		1.273583e-09			
3.2023342840e+02	4		3		1.800289e-09			
3.2023342840e+02	4		4		2.242525e-09			
3.2023342840e+02	4		5		2.582706e-09			
3.2023342840e+02	4		6		2.942395e-09			
3.2023342840e+02	5		1		6.011217e-10			
3.2023342840e+02	5		2		1.367869e-09			
3.2023342840e+02	5		3		1.990962e-09			
3.2023342840e+02	5		4		2.582706e-09			
3.2023342840e+02	5		5		3.168950e-09			
3.2023342840e+02	5		6		3.780276e-09			
3.2023342840e+02	6		1		6.280148e-10			
3.2023342840e+02	6		2		1.470199e-09			
3.2023342840e+02	6		3		2.198981e-09			
3.2023342840e+02	6		4		2.942395e-09			
3.2023342840e+02	6		5		3.780276e-09			
3.2023342840e+02	6		6		4.935148e-09			
3.4900367355e+02	1		1		2.964795e-10			
3.4900367355e+02	1		2		4.466842e-10			
3.4900367355e+02	1		3		4.918650e-10			
3.4900367355e+02	1		4		5.200331e-10			
3.4900367355e+02	1		5		5.423453e-10			
3.4900367355e+02	1		6		5.665555e-10			
3.4900367355e+02	2		1		4.466842e-10			
3.4900367355e+02	2		2		8.583734e-10			
3.4900367355e+02	2		3		1.035538e-09			
3.4900367355e+02	2		4		1.140921e-09			
3.4900367355e+02	2		5		1.224772e-09			
3.4900367355e+02	2		6		1.315776e-09			
3.4900367355e+02	3		1		4.918650e-10			
3.4900367355e+02	3		2		1.035538e-09			
3.4900367355e+02	3		3		1.386143e-09			
3.4900367355e+02	3		4		1.607766e-09			
3.4900367355e+02	3		5		1.777075e-09			
3.4900367355e+02	3		6		1.961766e-09			
3.4900367355e+02	4		1		5.200331e-10			
3.4900367355e+02	4		2		1.140921e-09			
3.4900367355e+02	4		3		1.607766e-09			
3.4900367355e+02	4		4		1.997360e-09			
3.4900367355e+02	4		5		2.296566e-09			
3.4900367355e+02	4		6		2.612717e-09			
3.4900367355e+02	5		1		5.423453e-10			
3.4900367355e+02	5		2		1.224772e-09			
3.4900367355e+02	5		3		1.777075e-09			
3.4900367355e+02	5		4		2.296566e-09			
3.4900367355e+02	5		5		2.812722e-09			
3.4900367355e+02	5		6		3.351073e-09			
3.4900367355e+02	6		1		5.665555e-10			
3.4900367355e+02	6		2		1.315776e-09			
3.4900367355e+02	6		3		1.961766e-09			
3.4900367355e+02	6		4		2.612717e-09			
3.4900367355e+02	6		5		3.351073e-09			
3.4900367355e+02	6		6		4.377217e-09			
3.8035868010e+02	1		1		2.678827e-10			
3.8035868010e+02	1		2		4.033799e-10			
3.8035868010e+02	1		3		4.441142e-10			
3.8035868010e+02	1		4		4.695080e-10			
3.8035868010e+02	1		5		4.896226e-10			
3.8035868010e+02	1		6		5.114483e-10			
3.8035868010e+02	2		1		4.033799e-10			
3.8035868010e+02	2		2		7.718296e-10			
3.8035868010e+02	2		3		9.295949e-10			
3.8035868010e+02	2		4		1.023447e-09			
3.8035868010e+02	2		5		1.098125e-09			
3.8035868010e+02	2		6		1.179172e-09			
3.8035868010e+02	3		1		4.441142e-10			
3.8035868010e+02	3		2		9.295949e-10			
3.8035868010e+02	3		3		1.240109e-09			
3.8035868010e+02	3		4		1.436721e-09			
3.8035868010e+02	3		5		1.587065e-09			
3.8035868010e+02	3		6		1.751034e-09			
3.8035868010e+02	4		1		4.695080e-10			
3.8035868010e+02	4		2		1.023447e-09			
3.8035868010e+02	4		3		1.436721e-09			
3.8035868010e+02	4		4		1.781266e-09			
3.8035868010e+02	4		5		2.045633e-09			
3.8035868010e+02	4		6		2.324972e-09			
3.8035868010e+02	5		1		4.896226e-10			
3.8035868010e+02	5		2		1.098125e-09			
3.8035868010e+02	5		3		1.587065e-09			
3.8035868010e+02	5		4		2.045633e-09			
3.8035868010e+02	5		5		2.498718e-09			
3.8035868010e+02	5		6		2.970916e-09			
3.8035868010e+02	6		1		5.114483e-10			
3.8035868010e+02	6		2		1.179172e-09			
3.8035868010e+02	6		3		1.751034e-09			
3.8035868010e+02	6		4		2.324972e-09			
3.8035868010e+02	6		5		2.970916e-09			
3.8035868010e+02	6		6		3.877857e-09			
4.1453066685e+02	1		1		2.419501e-10			
4.1453066685e+02	1		2		3.643687e-10			
4.1453066685e+02	1		3		4.011543e-10			
4.1453066685e+02	1		4		4.240849e-10			
4.1453066685e+02	1		5		4.422484e-10			
4.1453066685e+02	1		6		4.619570e-10			
4.1453066685e+02	2		1		3.643687e-10			
4.1453066685e+02	2		2		6.946496e-10			
4.1453066685e+02	2		3		8.355048e-10			
4.1453066685e+02	2		4		9.193420e-10			
4.1453066685e+02	2		5		9.860470e-10			
4.1453066685e+02	2		6		1.058441e-09			
4.1453066685e+02	3		1		4.011543e-10			
4.1453066685e+02	3		2		8.355048e-10			
4.1453066685e+02	3		3		1.110721e-09			
4.1453066685e+02	3		4		1.284844e-09			
4.1453066685e+02	3		5		1.418056e-09			
4.1453066685e+02	3		6		1.563333e-09			
4.1453066685e+02	4		1		4.240849e-10			
4.1453066685e+02	4		2		9.193420e-10			
4.1453066685e+02	4		3		1.284844e-09			
4.1453066685e+02	4		4		1.589759e-09			
4.1453066685e+02	4		5		1.824038e-09			
4.1453066685e+02	4		6		2.071744e-09			
4.1453066685e+02	5		1		4.422484e-10			
4.1453066685e+02	5		2		9.860470e-10			
4.1453066685e+02	5		3		1.418056e-09			
4.1453066685e+02	5		4		1.824038e-09			
4.1453066685e+02	5		5		2.222780e-09			
4.1453066685e+02	5		6		2.637812e-09			
4.1453066685e+02	6		1		4.619570e-10			
4.1453066685e+02	6		2		1.058441e-09			
4.1453066685e+02	6		3		1.563333e-09			
4.1453066685e+02	6		4		2.071744e-09			
4.1453066685e+02	6		5		2.637812e-09			
4.1453066685e+02	6		6		3.433844e-09			
4.5177271546e+02	1		1		2.183732e-10			
4.5177271546e+02	1		2		3.291161e-10			
4.5177271546e+02	1		3		3.623907e-10			
4.5177271546e+02	1		4		3.831307e-10			
4.5177271546e+02	1		5		3.995590e-10			
4.5177271546e+02	1		6		4.173848e-10			
4.5177271546e+02	2		1		3.291161e-10			
4.5177271546e+02	2		2		6.256909e-10			
4.5177271546e+02	2		3		7.516289e-10			
4.5177271546e+02	2		4		8.266728e-10			
4.5177271546e+02	2		5		8.863727e-10			
4.5177271546e+02	2		6		9.511644e-10			
4.5177271546e+02	3		1		3.623907e-10			
4.5177271546e+02	3		2		7.516289e-10			
4.5177271546e+02	3		3		9.961224e-10			
4.5177271546e+02	3		4		1.150573e-09			
4.5177271546e+02	3		5		1.268738e-09			
4.5177271546e+02	3		6		1.397610e-09			
4.5177271546e+02	4		1		3.831307e-10			
4.5177271546e+02	4		2		8.266728e-10			
4.5177271546e+02	4		3		1.150573e-09			
4.5177271546e+02	4		4		1.419882e-09			
4.5177271546e+02	4		5		1.627134e-09			
4.5177271546e+02	4		6		1.846400e-09			
4.5177271546e+02	5		1		3.995590e-10			
4.5177271546e+02	5		2		8.863727e-10			
4.5177271546e+02	5		3		1.268738e-09			
4.5177271546e+02	5		4		1.627134e-09			
4.5177271546e+02	5		5		1.979337e-09			
4.5177271546e+02	5		6		2.345914e-09			
4.5177271546e+02	6		1		4.173848e-10			
4.5177271546e+02	6		2		9.511644e-10			
4.5177271546e+02	6		3		1.397610e-09			
4.5177271546e+02	6		4		1.846400e-09			
4.5177271546e+02	6		5		2.345914e-09			
4.5177271546e+02	6		6		3.042794e-09			
4.9236064483e+02	1		1		1.968900e-10			
4.9236064483e+02	1		2		2.971660e-10			
4.9236064483e+02	1		3		3.272997e-10			
4.9236064483e+02	1		4		3.460805e-10			
4.9236064483e+02	1		5		3.609568e-10			
4.9236064483e+02	1		6		3.770987e-10			
4.9236064483e+02	2		1		2.971660e-10			
4.9236064483e+02	2		2		5.639449e-10			
4.9236064483e+02	2		3		6.767148e-10			
4.9236064483e+02	2		4		7.439705e-10			
4.9236064483e+02	2		5		7.974697e-10			
4.9236064483e+02	2		6		8.555316e-10			
4.9236064483e+02	3		1		3.272997e-10			
4.9236064483e+02	3		2		6.767148e-10			
4.9236064483e+02	3		3		8.942358e-10			
4.9236064483e+02	3		4		1.031678e-09			
4.9236064483e+02	3		5		1.136871e-09			
4.9236064483e+02	3		6		1.251589e-09			
4.9236064483e+02	4		1		3.460805e-10			
4.9236064483e+02	4		2		7.439705e-10			
4.9236064483e+02	4		3		1.031678e-09			
4.9236064483e+02	4		4		1.269637e-09			
4.9236064483e+02	4		5		1.452665e-09			
4.9236064483e+02	4		6		1.646328e-09			
4.9236064483e+02	5		1		3.609568e-10			
4.9236064483e+02	5		2		7.974697e-10			
4.9236064483e+02	5		3		1.136871e-09			
4.9236064483e+02	5		4		1.452665e-09			
4.9236064483e+02	5		5		1.763553e-09			
4.9236064483e+02	5		6		2.087681e-09			
4.9236064483e+02	6		1		3.770987e-10			
4.9236064483e+02	6		2		8.555316e-10			
4.9236064483e+02	6		3		1.251589e-09			
4.9236064483e+02	6		4		1.646328e-09			
4.9236064483e+02	6		5		2.087681e-09			
4.9236064483e+02	6		6		2.699757e-09			
5.3659505385e+02	1		1		1.772775e-10			
5.3659505385e+02	1		2		2.681342e-10			
5.3659505385e+02	1		3		2.954479e-10			
5.3659505385e+02	1		4		3.124698e-10			
5.3659505385e+02	1		5		3.259530e-10			
5.3659505385e+02	1		6		3.405832e-10			
5.3659505385e+02	2		1		2.681342e-10			
5.3659505385e+02	2		2		5.084847e-10			
5.3659505385e+02	2		3		6.096743e-10			
5.3659505385e+02	2		4		6.700688e-10			
5.3659505385e+02	2		5		7.181064e-10			
5.3659505385e+02	2		6		7.702408e-10			
5.3659505385e+02	3		1		2.954479e-10			
5.3659505385e+02	3		2		6.096743e-10			
5.3659505385e+02	3		3		8.034353e-10			
5.3659505385e+02	3		4		9.258848e-10			
5.3659505385e+02	3		5		1.019694e-09			
5.3659505385e+02	3		6		1.121979e-09			
5.3659505385e+02	4		1		3.124698e-10			
5.3659505385e+02	4		2		6.700688e-10			
5.3659505385e+02	4		3		9.258848e-10			
5.3659505385e+02	4		4		1.136708e-09			
5.3659505385e+02	4		5		1.298763e-09			
5.3659505385e+02	4		6		1.470234e-09			
5.3659505385e+02	5		1		3.259530e-10			
5.3659505385e+02	5		2		7.181064e-10			
5.3659505385e+02	5		3		1.019694e-09			
5.3659505385e+02	5		4		1.298763e-09			
5.3659505385e+02	5		5		1.572534e-09			
5.3659505385e+02	5		6		1.858263e-09			
5.3659505385e+02	6		1		3.405832e-10			
5.3659505385e+02	6		2		7.702408e-10			
5.3659505385e+02	6		3		1.121979e-09			
5.3659505385e+02	6		4		1.470234e-09			
5.3659505385e+02	6		5		1.858263e-09			
5.3659505385e+02	6		6		2.397666e-09			
5.8480354764e+02	1		1		1.593483e-10			
5.8480354764e+02	1		2		2.416907e-10			
5.8480354764e+02	1		3		2.664617e-10			
5.8480354764e+02	1		4		2.818978e-10			
5.8480354764e+02	1		5		2.941249e-10			
5.8480354764e+02	1		6		3.073921e-10			
5.8480354764e+02	2		1		2.416907e-10			
5.8480354764e+02	2		2		4.585301e-10			
5.8480354764e+02	2		3		5.494886e-10			
5.8480354764e+02	2		4		6.038304e-10			
5.8480354764e+02	2		5		6.470484e-10			
5.8480354764e+02	2		6		6.939522e-10			
5.8480354764e+02	3		1		2.664617e-10			
5.8480354764e+02	3		2		5.494886e-10			
5.8480354764e+02	3		3		7.224240e-10			
5.8480354764e+02	3		4		8.316318e-10			
5.8480354764e+02	3		5		9.153562e-10			
5.8480354764e+02	3		6		1.006637e-09			
5.8480354764e+02	4		1		2.818978e-10			
5.8480354764e+02	4		2		6.038304e-10			
5.8480354764e+02	4		3		8.316318e-10			
5.8480354764e+02	4		4		1.018631e-09			
5.8480354764e+02	4		5		1.162549e-09			
5.8480354764e+02	4		6		1.314905e-09			
5.8480354764e+02	5		1		2.941249e-10			
5.8480354764e+02	5		2		6.470484e-10			
5.8480354764e+02	5		3		9.153562e-10			
5.8480354764e+02	5		4		1.162549e-09			
5.8480354764e+02	5		5		1.403940e-09			
5.8480354764e+02	5		6		1.655678e-09			
5.8480354764e+02	6		1		3.073921e-10			
5.8480354764e+02	6		2		6.939522e-10			
5.8480354764e+02	6		3		1.006637e-09			
5.8480354764e+02	6		4		1.314905e-09			
5.8480354764e+02	6		5		1.655678e-09			
5.8480354764e+02	6		6		2.130236e-09			
6.3734316386e+02	1		1		1.429444e-10			
6.3734316386e+02	1		2		2.175573e-10			
6.3734316386e+02	1		3		2.400245e-10			
6.3734316386e+02	1		4		2.540241e-10			
6.3734316386e+02	1		5		2.651133e-10			
6.3734316386e+02	1		6		2.771458e-10			
6.3734316386e+02	2		1		2.175573e-10			
6.3734316386e+02	2		2		4.134097e-10			
6.3734316386e+02	2		3		4.953008e-10			
6.3734316386e+02	2		4		5.442701e-10			
6.3734316386e+02	2		5		5.832113e-10			
6.3734316386e+02	2		6		6.254735e-10			
6.3734316386e+02	3		1		2.400245e-10			
6.3734316386e+02	3		2		4.953008e-10			
6.3734316386e+02	3		3		6.499303e-10			
6.3734316386e+02	3		4		7.475534e-10			
6.3734316386e+02	3		5		8.224394e-10			
6.3734316386e+02	3		6		9.040773e-10			
6.3734316386e+02	4		1		2.540241e-10			
6.3734316386e+02	4		2		5.442701e-10			
6.3734316386e+02	4		3		7.475534e-10			
6.3734316386e+02	4		4		9.135703e-10			
6.3734316386e+02	4		5		1.041432e-09			
6.3734316386e+02	4		6		1.176887e-09			
6.3734316386e+02	5		1		2.651133e-10			
6.3734316386e+02	5		2		5.832113e-10			
6.3734316386e+02	5		3		8.224394e-10			
6.3734316386e+02	5		4		1.041432e-09			
6.3734316386e+02	5		5		1.254837e-09			
6.3734316386e+02	5		6		1.477413e-09			
6.3734316386e+02	6		1		2.771458e-10			
6.3734316386e+02	6		2		6.254735e-10			
6.3734316386e+02	6		3		9.040773e-10			
6.3734316386e+02	6		4		1.176887e-09			
6.3734316386e+02	6		5		1.477413e-09			
6.3734316386e+02	6		6		1.893797e-09			
6.9460301696e+02	1		1		1.279330e-10			
6.9460301696e+02	1		2		1.955000e-10			
6.9460301696e+02	1		3		2.158706e-10			
6.9460301696e+02	1		4		2.285630e-10			
6.9460301696e+02	1		5		2.386168e-10			
6.9460301696e+02	1		6		2.495259e-10			
6.9460301696e+02	2		1		1.955000e-10			
6.9460301696e+02	2		2		3.725423e-10			
6.9460301696e+02	2		3		4.463801e-10			
6.9460301696e+02	2		4		4.905724e-10			
6.9460301696e+02	2		5		5.257114e-10			
6.9460301696e+02	2		6		5.638470e-10			
6.9460301696e+02	3		1		2.158706e-10			
6.9460301696e+02	3		2		4.463801e-10			
6.9460301696e+02	3		3		5.848772e-10			
6.9460301696e+02	3		4		6.722966e-10			
6.9460301696e+02	3		5		7.394129e-10			
6.9460301696e+02	3		6		8.125706e-10			
6.9460301696e+02	4		1		2.285630e-10			
6.9460301696e+02	4		2		4.905724e-10			
6.9460301696e+02	4		3		6.722966e-10			
6.9460301696e+02	4		4		8.199895e-10			
6.9460301696e+02	4		5		9.337396e-10			
6.9460301696e+02	4		6		1.054294e-09			
6.9460301696e+02	5		1		2.386168e-10			
6.9460301696e+02	5		2		5.257114e-10			
6.9460301696e+02	5		3		7.394129e-10			
6.9460301696e+02	5		4		9.337396e-10			
6.9460301696e+02	5		5		1.122488e-09			
6.9460301696e+02	5		6		1.319663e-09			
6.9460301696e+02	6		1		2.495259e-10			
6.9460301696e+02	6		2		5.638470e-10			
6.9460301696e+02	6		3		8.125706e-10			
6.9460301696e+02	6		4		1.054294e-09			
6.9460301696e+02	6		5		1.319663e-09			
6.9460301696e+02	6		6		1.685573e-09			
7.5700718001e+02	1		1		1.142018e-10			
7.5700718001e+02	1		2		1.753222e-10			
7.5700718001e+02	1		3		1.937766e-10			
7.5700718001e+02	1		4		2.052745e-10			
7.5700718001e+02	1		5		2.143821e-10			
7.5700718001e+02	1		6		2.242646e-10			
7.5700718001e+02	2		1		1.753222e-10			
7.5700718001e+02	2		2		3.354362e-10			
7.5700718001e+02	2		3		4.020907e-10			
7.5700718001e+02	2		4		4.420181e-10			
7.5700718001e+02	2		5		4.737627e-10			
7.5700718001e+02	2		6		5.082143e-10			
7.5700718001e+02	3		1		1.937766e-10			
7.5700718001e+02	3		2		4.020907e-10			
7.5700718001e+02	3		3		5.263567e-10			
7.5700718001e+02	3		4		6.047632e-10			
7.5700718001e+02	3		5		6.650066e-10			
7.5700718001e+02	3		6		7.306653e-10			
7.5700718001e+02	4		1		2.052745e-10			
7.5700718001e+02	4		2		4.420181e-10			
7.5700718001e+02	4		3		6.047632e-10			
7.5700718001e+02	4		4		7.363718e-10			
7.5700718001e+02	4		5		8.378129e-10			
7.5700718001e+02	4		6		9.453765e-10			
7.5700718001e+02	5		1		2.143821e-10			
7.5700718001e+02	5		2		4.737627e-10			
7.5700718001e+02	5		3		6.650066e-10			
7.5700718001e+02	5		4		8.378129e-10			
7.5700718001e+02	5		5		1.004939e-09			
7.5700718001e+02	5		6		1.179611e-09			
7.5700718001e+02	6		1		2.242646e-10			
7.5700718001e+02	6		2		5.082143e-10			
7.5700718001e+02	6		3		7.306653e-10			
7.5700718001e+02	6		4		9.453765e-10			
7.5700718001e+02	6		5		1.179611e-09			
7.5700718001e+02	6		6		1.501918e-09			
8.2501782542e+02	1		1		1.016555e-10			
8.2501782542e+02	1		2		1.568587e-10			
8.2501782542e+02	1		3		1.735552e-10			
8.2501782542e+02	1		4		1.839575e-10			
8.2501782542e+02	1		5		1.921973e-10			
8.2501782542e+02	1		6		2.011381e-10			
8.2501782542e+02	2		1		1.568587e-10			
8.2501782542e+02	2		2		3.016731e-10			
8.2501782542e+02	2		3		3.618958e-10			
8.2501782542e+02	2		4		3.979988e-10			
8.2501782542e+02	2		5		4.267000e-10			
8.2501782542e+02	2		6		4.578488e-10			
8.2501782542e+02	3		1		1.735552e-10			
8.2501782542e+02	3		2		3.618958e-10			
8.2501782542e+02	3		3		4.735651e-10			
8.2501782542e+02	3		4		5.440058e-10			
8.2501782542e+02	3		5		5.981702e-10			
8.2501782542e+02	3		6		6.571965e-10			
8.2501782542e+02	4		1		1.839575e-10			
8.2501782542e+02	4		2		3.979988e-10			
8.2501782542e+02	4		3		5.440058e-10			
8.2501782542e+02	4		4		6.614760e-10			
8.2501782542e+02	4		5		7.520701e-10			
8.2501782542e+02	4		6		8.481979e-10			
8.2501782542e+02	5		1		1.921973e-10			
8.2501782542e+02	5		2		4.267000e-10			
8.2501782542e+02	5		3		5.981702e-10			
8.2501782542e+02	5		4		7.520701e-10			
8.2501782542e+02	5		5		9.003596e-10			
8.2501782542e+02	5		6		1.055408e-09			
8.2501782542e+02	6		1		2.011381e-10			
8.2501782542e+02	6		2		4.578488e-10			
8.2501782542e+02	6		3		6.571965e-10			
8.2501782542e+02	6		4		8.481979e-10			
8.2501782542e+02	6		5		1.055408e-09			
8.2501782542e+02	6		6		1.339329e-09			
8.9913864787e+02	1		1		9.021169e-11			
8.9913864787e+02	1		2		1.399705e-10			
8.9913864787e+02	1		3		1.550493e-10			
8.9913864787e+02	1		4		1.644436e-10			
8.9913864787e+02	1		5		1.718849e-10			
8.9913864787e+02	1		6		1.799593e-10			
8.9913864787e+02	2		1		1.399705e-10			
8.9913864787e+02	2		2		2.709001e-10			
8.9913864787e+02	2		3		3.253391e-10			
8.9913864787e+02	2		4		3.579979e-10			
8.9913864787e+02	2		5		3.839589e-10			
8.9913864787e+02	2		6		4.121337e-10			
8.9913864787e+02	3		1		1.550493e-10			
8.9913864787e+02	3		2		3.253391e-10			
8.9913864787e+02	3		3		4.258249e-10			
8.9913864787e+02	3		4		4.891940e-10			
8.9913864787e+02	3		5		5.379584e-10			
8.9913864787e+02	3		6		5.910937e-10			
8.9913864787e+02	4		1		1.644436e-10			
8.9913864787e+02	4		2		3.579979e-10			
8.9913864787e+02	4		3		4.891940e-10			
8.9913864787e+02	4		4		5.942291e-10			
8.9913864787e+02	4		5		6.752755e-10			
8.9913864787e+02	4		6		7.613192e-10			
8.9913864787e+02	5		1		1.718849e-10			
8.9913864787e+02	5		2		3.839589e-10			
8.9913864787e+02	5		3		5.379584e-10			
8.9913864787e+02	5		4		6.752755e-10			
8.9913864787e+02	5		5		8.070322e-10			
8.9913864787e+02	5		6		9.449503e-10			
8.9913864787e+02	6		1		1.799593e-10			
8.9913864787e+02	6		2		4.121337e-10			
8.9913864787e+02	6		3		5.910937e-10			
8.9913864787e+02	6		4		7.613192e-10			
8.9913864787e+02	6		5		9.449503e-10			
8.9913864787e+02	6		6		1.195330e-09			
9.7991859471e+02	1		1		7.979820e-11			
9.7991859471e+02	1		2		1.245398e-10			
9.7991859471e+02	1		3		1.381267e-10			
9.7991859471e+02	1		4		1.465913e-10			
9.7991859471e+02	1		5		1.532963e-10			
9.7991859471e+02	1		6		1.605718e-10			
9.7991859471e+02	2		1		1.245398e-10			
9.7991859471e+02	2		2		2.428199e-10			
9.7991859471e+02	2		3		2.920352e-10			
9.7991859471e+02	2		4		3.215783e-10			
9.7991859471e+02	2		5		3.450608e-10			
9.7991859471e+02	2		6		3.705457e-10			
9.7991859471e+02	3		1		1.381267e-10			
9.7991859471e+02	3		2		2.920352e-10			
9.7991859471e+02	3		3		3.825560e-10			
9.7991859471e+02	3		4		4.396277e-10			
9.7991859471e+02	3		5		4.835777e-10			
9.7991859471e+02	3		6		5.314618e-10			
9.7991859471e+02	4		1		1.465913e-10			
9.7991859471e+02	4		2		3.215783e-10			
9.7991859471e+02	4		3		4.396277e-10			
9.7991859471e+02	4		4		5.336895e-10			
9.7991859471e+02	4		5		6.063123e-10			
9.7991859471e+02	4		6		6.834609e-10			
9.7991859471e+02	5		1		1.532963e-10			
9.7991859471e+02	5		2		3.450608e-10			
9.7991859471e+02	5		3		4.835777e-10			
9.7991859471e+02	5		4		6.063123e-10			
9.7991859471e+02	5		5		7.235842e-10			
9.7991859471e+02	5		6		8.464239e-10			
9.7991859471e+02	6		1		1.605718e-10			
9.7991859471e+02	6		2		3.705457e-10			
9.7991859471e+02	6		3		5.314618e-10			
9.7991859471e+02	6		4		6.834609e-10			
9.7991859471e+02	6		5		8.464239e-10			
9.7991859471e+02	6		6		1.067639e-09			
1.0679559315e+03	1		1		7.035008e-11			
1.0679559315e+03	1		2		1.104655e-10			
1.0679559315e+03	1		3		1.226744e-10			
1.0679559315e+03	1		4		1.302807e-10			
1.0679559315e+03	1		5		1.363057e-10			
1.0679559315e+03	1		6		1.428434e-10			
1.0679559315e+03	2		1		1.104655e-10			
1.0679559315e+03	2		2		2.171822e-10			
1.0679559315e+03	2		3		2.616596e-10			
1.0679559315e+03	2		4		2.883720e-10			
1.0679559315e+03	2		5		3.096031e-10			
1.0679559315e+03	2		6		3.326448e-10			
1.0679559315e+03	3		1		1.226744e-10			
1.0679559315e+03	3		2		2.616596e-10			
1.0679559315e+03	3		3		3.432662e-10			
1.0679559315e+03	3		4		3.947078e-10			
1.0679559315e+03	3		5		4.343489e-10			
1.0679559315e+03	3		6		4.775340e-10			
1.0679559315e+03	4		1		1.302807e-10			
1.0679559315e+03	4		2		2.883720e-10			
1.0679559315e+03	4		3		3.947078e-10			
1.0679559315e+03	4		4		4.790629e-10			
1.0679559315e+03	4		5		5.442261e-10			
1.0679559315e+03	4		6		6.134913e-10			
1.0679559315e+03	5		1		1.363057e-10			
1.0679559315e+03	5		2		3.096031e-10			
1.0679559315e+03	5		3		4.343489e-10			
1.0679559315e+03	5		4		5.442261e-10			
1.0679559315e+03	5		5		6.487780e-10			
1.0679559315e+03	5		6		7.583898e-10			
1.0679559315e+03	6		1		1.428434e-10			
1.0679559315e+03	6		2		3.326448e-10			
1.0679559315e+03	6		3		4.775340e-10			
1.0679559315e+03	6		4		6.134913e-10			
1.0679559315e+03	6		5		7.583898e-10			
1.0679559315e+03	6		6		9.540917e-10			
1.1639026730e+03	1		1		6.180752e-11			
1.1639026730e+03	1		2		9.765896e-11			
1.1639026730e+03	1		3		1.085950e-10			
1.1639026730e+03	1		4		1.154083e-10			
1.1639026730e+03	1		5		1.208053e-10			
1.1639026730e+03	1		6		1.266615e-10			
1.1639026730e+03	2		1		9.765896e-11			
1.1639026730e+03	2		2		1.937761e-10			
1.1639026730e+03	2		3		2.339390e-10			
1.1639026730e+03	2		4		2.580693e-10			
1.1639026730e+03	2		5		2.772471e-10			
1.1639026730e+03	2		6		2.980605e-10			
1.1639026730e+03	3		1		1.085950e-10			
1.1639026730e+03	3		2		2.339390e-10			
1.1639026730e+03	3		3		3.075392e-10			
1.1639026730e+03	3		4		3.539269e-10			
1.1639026730e+03	3		5		3.896953e-10			
1.1639026730e+03	3		6		4.286577e-10			
1.1639026730e+03	4		1		1.154083e-10			
1.1639026730e+03	4		2		2.580693e-10			
1.1639026730e+03	4		3		3.539269e-10			
1.1639026730e+03	4		4		4.296667e-10			
1.1639026730e+03	4		5		4.882055e-10			
1.1639026730e+03	4		6		5.504647e-10			
1.1639026730e+03	5		1		1.208053e-10			
1.1639026730e+03	5		2		2.772471e-10			
1.1639026730e+03	5		3		3.896953e-10			
1.1639026730e+03	5		4		4.882055e-10			
1.1639026730e+03	5		5		5.815605e-10			
1.1639026730e+03	5		6		6.795167e-10			
1.1639026730e+03	6		1		1.266615e-10			
1.1639026730e+03	6		2		2.980605e-10			
1.1639026730e+03	6		3		4.286577e-10			
1.1639026730e+03	6		4		5.504647e-10			
1.1639026730e+03	6		5		6.795167e-10			
1.1639026730e+03	6		6		8.529368e-10			
1.2684694117e+03	1		1		5.411394e-11			
1.2684694117e+03	1		2		8.604091e-11			
1.2684694117e+03	1		3		9.580203e-11			
1.2684694117e+03	1		4		1.018836e-10			
1.2684694117e+03	1		5		1.067009e-10			
1.2684694117e+03	1		6		1.119282e-10			
1.2684694117e+03	2		1		8.604091e-11			
1.2684694117e+03	2		2		1.724229e-10			
1.2684694117e+03	2		3		2.086430e-10			
1.2684694117e+03	2		4		2.304097e-10			
1.2684694117e+03	2		5		2.477084e-10			
1.2684694117e+03	2		6		2.664824e-10			
1.2684694117e+03	3		1		9.580203e-11			
1.2684694117e+03	3		2		2.086430e-10			
1.2684694117e+03	3		3		2.750222e-10			
1.2684694117e+03	3		4		3.168548e-10			
1.2684694117e+03	3		5		3.491281e-10			
1.2684694117e+03	3		6		3.842804e-10			
1.2684694117e+03	4		1		1.018836e-10			
1.2684694117e+03	4		2		2.304097e-10			
1.2684694117e+03	4		3		3.168548e-10			
1.2684694117e+03	4		4		3.849216e-10			
1.2684694117e+03	4		5		4.375550e-10			
1.2684694117e+03	4		6		4.935638e-10			
1.2684694117e+03	5		1		1.067009e-10			
1.2684694117e+03	5		2		2.477084e-10			
1.2684694117e+03	5		3		3.491281e-10			
1.2684694117e+03	5		4		4.375550e-10			
1.2684694117e+03	5		5		5.210309e-10			
1.2684694117e+03	5		6		6.086921e-10			
1.2684694117e+03	6		1		1.119282e-10			
1.2684694117e+03	6		2		2.664824e-10			
1.2684694117e+03	6		3		3.842804e-10			
1.2684694117e+03	6		4		4.935638e-10			
1.2684694117e+03	6		5		6.086921e-10			
1.2684694117e+03	6		6		7.626163e-10			
1.3824305809e+03	1		1		4.721467e-11			
1.3824305809e+03	1		2		7.553841e-11			
1.3824305809e+03	1		3		8.421711e-11			
1.3824305809e+03	1		4		8.962458e-11			
1.3824305809e+03	1		5		9.390795e-11			
1.3824305809e+03	1		6		9.855583e-11			
1.3824305809e+03	2		1		7.553841e-11			
1.3824305809e+03	2		2		1.529696e-10			
1.3824305809e+03	2		3		1.855762e-10			
1.3824305809e+03	2		4		2.051734e-10			
1.3824305809e+03	2		5		2.207476e-10			
1.3824305809e+03	2		6		2.376499e-10			
1.3824305809e+03	3		1		8.421711e-11			
1.3824305809e+03	3		2		1.855762e-10			
1.3824305809e+03	3		3		2.454172e-10			
1.3824305809e+03	3		4		2.831278e-10			
1.3824305809e+03	3		5		3.122341e-10			
1.3824305809e+03	3		6		3.439345e-10			
1.3824305809e+03	4		1		8.962458e-11			
1.3824305809e+03	4		2		2.051734e-10			
1.3824305809e+03	4		3		2.831278e-10			
1.3824305809e+03	4		4		3.443352e-10			
1.3824305809e+03	4		5		3.916849e-10			
1.3824305809e+03	4		6		4.420961e-10			
1.3824305809e+03	5		1		9.390795e-11			
1.3824305809e+03	5		2		2.207476e-10			
1.3824305809e+03	5		3		3.122341e-10			
1.3824305809e+03	5		4		3.916849e-10			
1.3824305809e+03	5		5		4.664168e-10			
1.3824305809e+03	5		6		5.449580e-10			
1.3824305809e+03	6		1		9.855583e-11			
1.3824305809e+03	6		2		2.376499e-10			
1.3824305809e+03	6		3		3.439345e-10			
1.3824305809e+03	6		4		4.420961e-10			
1.3824305809e+03	6		5		5.449580e-10			
1.3824305809e+03	6		6		6.817910e-10			
1.5066301903e+03	1		1		4.105599e-11			
1.5066301903e+03	1		2		6.608250e-11			
1.5066301903e+03	1		3		7.376695e-11			
1.5066301903e+03	1		4		7.855525e-11			
1.5066301903e+03	1		5		8.234818e-11			
1.5066301903e+03	1		6		8.646388e-11			
1.5066301903e+03	2		1		6.608250e-11			
1.5066301903e+03	2		2		1.352832e-10			
1.5066301903e+03	2		3		1.645715e-10			
1.5066301903e+03	2		4		1.821733e-10			
1.5066301903e+03	2		5		1.961616e-10			
1.5066301903e+03	2		6		2.113430e-10			
1.5066301903e+03	3		1		7.376695e-11			
1.5066301903e+03	3		2		1.645715e-10			
1.5066301903e+03	3		3		2.184707e-10			
1.5066301903e+03	3		4		2.524378e-10			
1.5066301903e+03	3		5		2.786638e-10			
1.5066301903e+03	3		6		3.072257e-10			
1.5066301903e+03	4		1		7.855525e-11			
1.5066301903e+03	4		2		1.821733e-10			
1.5066301903e+03	4		3		2.524378e-10			
1.5066301903e+03	4		4		3.074898e-10			
1.5066301903e+03	4		5		3.500936e-10			
1.5066301903e+03	4		6		3.954721e-10			
1.5066301903e+03	5		1		8.234818e-11			
1.5066301903e+03	5		2		1.961616e-10			
1.5066301903e+03	5		3		2.786638e-10			
1.5066301903e+03	5		4		3.500936e-10			
1.5066301903e+03	5		5		4.170618e-10			
1.5066301903e+03	5		6		4.874953e-10			
1.5066301903e+03	6		1		8.646388e-11			
1.5066301903e+03	6		2		2.113430e-10			
1.5066301903e+03	6		3		3.072257e-10			
1.5066301903e+03	6		4		3.954721e-10			
1.5066301903e+03	6		5		4.874953e-10			
1.5066301903e+03	6		6		6.093148e-10			
1.6419880764e+03	1		1		3.558460e-11			
1.6419880764e+03	1		2		5.760649e-11			
1.6419880764e+03	1		3		6.438125e-11			
1.6419880764e+03	1		4		6.860306e-11			
1.6419880764e+03	1		5		7.194727e-11			
1.6419880764e+03	1		6		7.557608e-11			
1.6419880764e+03	2		1		5.760649e-11			
1.6419880764e+03	2		2		1.192460e-10			
1.6419880764e+03	2		3		1.454833e-10			
1.6419880764e+03	2		4		1.612482e-10			
1.6419880764e+03	2		5		1.737769e-10			
1.6419880764e+03	2		6		1.873742e-10			
1.6419880764e+03	3		1		6.438125e-11			
1.6419880764e+03	3		2		1.454833e-10			
1.6419880764e+03	3		3		1.939657e-10			
1.6419880764e+03	3		4		2.245221e-10			
1.6419880764e+03	3		5		2.481204e-10			
1.6419880764e+03	3		6		2.738194e-10			
1.6419880764e+03	4		1		6.860306e-11			
1.6419880764e+03	4		2		1.612482e-10			
1.6419880764e+03	4		3		2.245221e-10			
1.6419880764e+03	4		4		2.740301e-10			
1.6419880764e+03	4		5		3.123551e-10			
1.6419880764e+03	4		6		3.531919e-10			
1.6419880764e+03	5		1		7.194727e-11			
1.6419880764e+03	5		2		1.737769e-10			
1.6419880764e+03	5		3		2.481204e-10			
1.6419880764e+03	5		4		3.123551e-10			
1.6419880764e+03	5		5		3.724061e-10			
1.6419880764e+03	5		6		4.356072e-10			
1.6419880764e+03	6		1		7.557608e-11			
1.6419880764e+03	6		2		1.873742e-10			
1.6419880764e+03	6		3		2.738194e-10			
1.6419880764e+03	6		4		3.531919e-10			
1.6419880764e+03	6		5		4.356072e-10			
1.6419880764e+03	6		6		5.442031e-10			
1.7895067153e+03	1		1		3.074744e-11			
1.7895067153e+03	1		2		5.004469e-11			
1.7895067153e+03	1		3		5.599112e-11			
1.7895067153e+03	1		4		5.969711e-11			
1.7895067153e+03	1		5		6.263273e-11			
1.7895067153e+03	1		6		6.581819e-11			
1.7895067153e+03	2		1		5.004469e-11			
1.7895067153e+03	2		2		1.047511e-10			
1.7895067153e+03	2		3		1.281829e-10			
1.7895067153e+03	2		4		1.422570e-10			
1.7895067153e+03	2		5		1.534423e-10			
1.7895067153e+03	2		6		1.655816e-10			
1.7895067153e+03	3		1		5.599112e-11			
1.7895067153e+03	3		2		1.281829e-10			
1.7895067153e+03	3		3		1.717147e-10			
1.7895067153e+03	3		4		1.991555e-10			
1.7895067153e+03	3		5		2.203505e-10			
1.7895067153e+03	3		6		2.434316e-10			
1.7895067153e+03	4		1		5.969711e-11			
1.7895067153e+03	4		2		1.422570e-10			
1.7895067153e+03	4		3		1.991555e-10			
1.7895067153e+03	4		4		2.436526e-10			
1.7895067153e+03	4		5		2.781066e-10			
1.7895067153e+03	4		6		3.148302e-10			
1.7895067153e+03	5		1		6.263273e-11			
1.7895067153e+03	5		2		1.534423e-10			
1.7895067153e+03	5		3		2.203505e-10			
1.7895067153e+03	5		4		2.781066e-10			
1.7895067153e+03	5		5		3.319730e-10			
1.7895067153e+03	5		6		3.886989e-10			
1.7895067153e+03	6		1		6.581819e-11			
1.7895067153e+03	6		2		1.655816e-10			
1.7895067153e+03	6		3		2.434316e-10			
1.7895067153e+03	6		4		3.148302e-10			
1.7895067153e+03	6		5		3.886989e-10			
1.7895067153e+03	6		6		4.856155e-10			
1.9502786470e+03	1		1		2.649178e-11			
1.9502786470e+03	1		2		4.333172e-11			
1.9502786470e+03	1		3		4.852803e-11			
1.9502786470e+03	1		4		5.176689e-11			
1.9502786470e+03	1		5		5.433249e-11			
1.9502786470e+03	1		6		5.711644e-11			
1.9502786470e+03	2		1		4.333172e-11			
1.9502786470e+03	2		2		9.169907e-11			
1.9502786470e+03	2		3		1.125536e-10			
1.9502786470e+03	2		4		1.250730e-10			
1.9502786470e+03	2		5		1.350233e-10			
1.9502786470e+03	2		6		1.458222e-10			
1.9502786470e+03	3		1		4.852803e-11			
1.9502786470e+03	3		2		1.125536e-10			
1.9502786470e+03	3		3		1.515529e-10			
1.9502786470e+03	3		4		1.761427e-10			
1.9502786470e+03	3		5		1.951357e-10			
1.9502786470e+03	3		6		2.158188e-10			
1.9502786470e+03	4		1		5.176689e-11			
1.9502786470e+03	4		2		1.250730e-10			
1.9502786470e+03	4		3		1.761427e-10			
1.9502786470e+03	4		4		2.160966e-10			
1.9502786470e+03	4		5		2.470375e-10			
1.9502786470e+03	4		6		2.800248e-10			
1.9502786470e+03	5		1		5.433249e-11			
1.9502786470e+03	5		2		1.350233e-10			
1.9502786470e+03	5		3		1.951357e-10			
1.9502786470e+03	5		4		2.470375e-10			
1.9502786470e+03	5		5		2.953554e-10			
1.9502786470e+03	5		6		3.462639e-10			
1.9502786470e+03	6		1		5.711644e-11			
1.9502786470e+03	6		2		1.458222e-10			
1.9502786470e+03	6		3		2.158188e-10			
1.9502786470e+03	6		4		2.800248e-10			
1.9502786470e+03	6		5		3.462639e-10			
1.9502786470e+03	6		6		4.328333e-10			
2.1254945671e+03	1		1		2.276560e-11			
2.1254945671e+03	1		2		3.740227e-11			
2.1254945671e+03	1		3		4.192340e-11			
2.1254945671e+03	1		4		4.474179e-11			
2.1254945671e+03	1		5		4.697432e-11			
2.1254945671e+03	1		6		4.939686e-11			
2.1254945671e+03	2		1		3.740227e-11			
2.1254945671e+03	2		2		7.999506e-11			
2.1254945671e+03	2		3		9.848651e-11			
2.1254945671e+03	2		4		1.095798e-10			
2.1254945671e+03	2		5		1.183971e-10			
2.1254945671e+03	2		6		1.279665e-10			
2.1254945671e+03	3		1		4.192340e-11			
2.1254945671e+03	3		2		9.848651e-11			
2.1254945671e+03	3		3		1.333328e-10			
2.1254945671e+03	3		4		1.553112e-10			
2.1254945671e+03	3		5		1.722852e-10			
2.1254945671e+03	3		6		1.907698e-10			
2.1254945671e+03	4		1		4.474179e-11			
2.1254945671e+03	4		2		1.095798e-10			
2.1254945671e+03	4		3		1.553112e-10			
2.1254945671e+03	4		4		1.911352e-10			
2.1254945671e+03	4		5		2.188800e-10			
2.1254945671e+03	4		6		2.484646e-10			
2.1254945671e+03	5		1		4.697432e-11			
2.1254945671e+03	5		2		1.183971e-10			
2.1254945671e+03	5		3		1.722852e-10			
2.1254945671e+03	5		4		2.188800e-10			
2.1254945671e+03	5		5		2.622036e-10			
2.1254945671e+03	5		6		3.078689e-10			
2.1254945671e+03	6		1		4.939686e-11			
2.1254945671e+03	6		2		1.279665e-10			
2.1254945671e+03	6		3		1.907698e-10			
2.1254945671e+03	6		4		2.484646e-10			
2.1254945671e+03	6		5		3.078689e-10			
2.1254945671e+03	6		6		3.852421e-10			
2.3164521447e+03	1		1		1.951800e-11			
2.3164521447e+03	1		2		3.219123e-11			
2.3164521447e+03	1		3		3.610857e-11			
2.3164521447e+03	1		4		3.855091e-11			
2.3164521447e+03	1		5		4.048556e-11			
2.3164521447e+03	1		6		4.258487e-11			
2.3164521447e+03	2		1		3.219123e-11			
2.3164521447e+03	2		2		6.954713e-11			
2.3164521447e+03	2		3		8.587837e-11			
2.3164521447e+03	2		4		9.566750e-11			
2.3164521447e+03	2		5		1.034489e-10			
2.3164521447e+03	2		6		1.118941e-10			
2.3164521447e+03	3		1		3.610857e-11			
2.3164521447e+03	3		2		8.587837e-11			
2.3164521447e+03	3		3		1.169198e-10			
2.3164521447e+03	3		4		1.365063e-10			
2.3164521447e+03	3		5		1.516293e-10			
2.3164521447e+03	3		6		1.680986e-10			
2.3164521447e+03	4		1		3.855091e-11			
2.3164521447e+03	4		2		9.566750e-11			
2.3164521447e+03	4		3		1.365063e-10			
2.3164521447e+03	4		4		1.685688e-10			
2.3164521447e+03	4		5		1.934002e-10			
2.3164521447e+03	4		6		2.198803e-10			
2.3164521447e+03	5		1		4.048556e-11			
2.3164521447e+03	5		2		1.034489e-10			
2.3164521447e+03	5		3		1.516293e-10			
2.3164521447e+03	5		4		1.934002e-10			
2.3164521447e+03	5		5		2.322153e-10			
2.3164521447e+03	5		6		2.731409e-10			
2.3164521447e+03	6		1		4.258487e-11			
2.3164521447e+03	6		2		1.118941e-10			
2.3164521447e+03	6		3		1.680986e-10			
2.3164521447e+03	6		4		2.198803e-10			
2.3164521447e+03	6		5		2.731409e-10			
2.3164521447e+03	6		6		3.423152e-10			
2.5245656337e+03	1		1		1.669977e-11			
2.5245656337e+03	1		2		2.763408e-11			
2.5245656337e+03	1		3		3.101506e-11			
2.5245656337e+03	1		4		3.312330e-11			
2.5245656337e+03	1		5		3.479331e-11			
2.5245656337e+03	1		6		3.660546e-11			
2.5245656337e+03	2		1		2.763408e-11			
2.5245656337e+03	2		2		6.026475e-11			
2.5245656337e+03	2		3		7.462889e-11			
2.5245656337e+03	2		4		8.323052e-11			
2.5245656337e+03	2		5		9.006870e-11			
2.5245656337e+03	2		6		9.749021e-11			
2.5245656337e+03	3		1		3.101506e-11			
2.5245656337e+03	3		2		7.462889e-11			
2.5245656337e+03	3		3		1.021884e-10			
2.5245656337e+03	3		4		1.195860e-10			
2.5245656337e+03	3		5		1.330140e-10			
2.5245656337e+03	3		6		1.476381e-10			
2.5245656337e+03	4		1		3.312330e-11			
2.5245656337e+03	4		2		8.323052e-11			
2.5245656337e+03	4		3		1.195860e-10			
2.5245656337e+03	4		4		1.482185e-10			
2.5245656337e+03	4		5		1.703914e-10			
2.5245656337e+03	4		6		1.940364e-10			
2.5245656337e+03	5		1		3.479331e-11			
2.5245656337e+03	5		2		9.006870e-11			
2.5245656337e+03	5		3		1.330140e-10			
2.5245656337e+03	5		4		1.703914e-10			
2.5245656337e+03	5		5		2.051264e-10			
2.5245656337e+03	5		6		2.417572e-10			
2.5245656337e+03	6		1		3.660546e-11			
2.5245656337e+03	6		2		9.749021e-11			
2.5245656337e+03	6		3		1.476381e-10			
2.5245656337e+03	6		4		1.940364e-10			
2.5245656337e+03	6		5		2.417572e-10			
2.5245656337e+03	6		6		3.035992e-10			
2.7513763465e+03	1		1		1.426398e-11			
2.7513763465e+03	1		2		2.366759e-11			
2.7513763465e+03	1		3		2.657528e-11			
2.7513763465e+03	1		4		2.838868e-11			
2.7513763465e+03	1		5		2.982514e-11			
2.7513763465e+03	1		6		3.138386e-11			
2.7513763465e+03	2		1		2.366759e-11			
2.7513763465e+03	2		2		5.205824e-11			
2.7513763465e+03	2		3		6.463948e-11			
2.7513763465e+03	2		4		7.216515e-11			
2.7513763465e+03	2		5		7.814867e-11			
2.7513763465e+03	2		6		8.464263e-11			
2.7513763465e+03	3		1		2.657528e-11			
2.7513763465e+03	3		2		6.463948e-11			
2.7513763465e+03	3		3		8.901922e-11			
2.7513763465e+03	3		4		1.044178e-10			
2.7513763465e+03	3		5		1.162969e-10			
2.7513763465e+03	3		6		1.292350e-10			
2.7513763465e+03	4		1		2.838868e-11			
2.7513763465e+03	4		2		7.216515e-11			
2.7513763465e+03	4		3		1.044178e-10			
2.7513763465e+03	4		4		1.299213e-10			
2.7513763465e+03	4		5		1.496677e-10			
2.7513763465e+03	4		6		1.707231e-10			
2.7513763465e+03	5		1		2.982514e-11			
2.7513763465e+03	5		2		7.814867e-11			
2.7513763465e+03	5		3		1.162969e-10			
2.7513763465e+03	5		4		1.496677e-10			
2.7513763465e+03	5		5		1.807033e-10			
2.7513763465e+03	5		6		2.134354e-10			
2.7513763465e+03	6		1		3.138386e-11			
2.7513763465e+03	6		2		8.464263e-11			
2.7513763465e+03	6		3		1.292350e-10			
2.7513763465e+03	6		4		1.707231e-10			
2.7513763465e+03	6		5		2.134354e-10			
2.7513763465e+03	6		6		2.687014e-10			
2.9985640695e+03	1		1		1.216639e-11			
2.9985640695e+03	1		2		2.023050e-11			
2.9985640695e+03	1		3		2.272330e-11			
2.9985640695e+03	1		4		2.427819e-11			
2.9985640695e+03	1		5		2.550987e-11			
2.9985640695e+03	1		6		2.684639e-11			
2.9985640695e+03	2		1		2.023050e-11			
2.9985640695e+03	2		2		4.483875e-11			
2.9985640695e+03	2		3		5.581266e-11			
2.9985640695e+03	2		4		6.236889e-11			
2.9985640695e+03	2		5		6.758234e-11			
2.9985640695e+03	2		6		7.324056e-11			
2.9985640695e+03	3		1		2.272330e-11			
2.9985640695e+03	3		2		5.581266e-11			
2.9985640695e+03	3		3		7.729733e-11			
2.9985640695e+03	3		4		9.087520e-11			
2.9985640695e+03	3		5		1.013433e-10			
2.9985640695e+03	3		6		1.127455e-10			
2.9985640695e+03	4		1		2.427819e-11			
2.9985640695e+03	4		2		6.236889e-11			
2.9985640695e+03	4		3		9.087520e-11			
2.9985640695e+03	4		4		1.135258e-10			
2.9985640695e+03	4		5		1.310588e-10			
2.9985640695e+03	4		6		1.497507e-10			
2.9985640695e+03	5		1		2.550987e-11			
2.9985640695e+03	5		2		6.758234e-11			
2.9985640695e+03	5		3		1.013433e-10			
2.9985640695e+03	5		4		1.310588e-10			
2.9985640695e+03	5		5		1.587361e-10			
2.9985640695e+03	5		6		1.879250e-10			
2.9985640695e+03	6		1		2.684639e-11			
2.9985640695e+03	6		2		7.324056e-11			
2.9985640695e+03	6		3		1.127455e-10			
2.9985640695e+03	6		4		1.497507e-10			
2.9985640695e+03	6		5		1.879250e-10			
2.9985640695e+03	6		6		2.372787e-10			
3.2679595033e+03	1		1		1.036593e-11			
3.2679595033e+03	1		2		1.726427e-11			
3.2679595033e+03	1		3		1.939560e-11			
3.2679595033e+03	1		4		2.072522e-11			
3.2679595033e+03	1		5		2.177846e-11			
3.2679595033e+03	1		6		2.292134e-11			
3.2679595033e+03	2		1		1.726427e-11			
3.2679595033e+03	2		2		3.851856e-11			
3.2679595033e+03	2		3		4.805186e-11			
3.2679595033e+03	2		4		5.374000e-11			
3.2679595033e+03	2		5		5.826383e-11			
3.2679595033e+03	2		6		6.317360e-11			
3.2679595033e+03	3		1		1.939560e-11			
3.2679595033e+03	3		2		4.805186e-11			
3.2679595033e+03	3		3		6.691085e-11			
3.2679595033e+03	3		4		7.883665e-11			
3.2679595033e+03	3		5		8.802424e-11			
3.2679595033e+03	3		6		9.803275e-11			
3.2679595033e+03	4		1		2.072522e-11			
3.2679595033e+03	4		2		5.374000e-11			
3.2679595033e+03	4		3		7.883665e-11			
3.2679595033e+03	4		4		9.888958e-11			
3.2679595033e+03	4		5		1.144067e-10			
3.2679595033e+03	4		6		1.309448e-10			
3.2679595033e+03	5		1		2.177846e-11			
3.2679595033e+03	5		2		5.826383e-11			
3.2679595033e+03	5		3		8.802424e-11			
3.2679595033e+03	5		4		1.144067e-10			
3.2679595033e+03	5		5		1.390334e-10			
3.2679595033e+03	5		6		1.650011e-10			
3.2679595033e+03	6		1		2.292134e-11			
3.2679595033e+03	6		2		6.317360e-11			
3.2679595033e+03	6		3		9.803275e-11			
3.2679595033e+03	6		4		1.309448e-10			
3.2679595033e+03	6		5		1.650011e-10			
3.2679595033e+03	6		6		2.090281e-10			
3.5615578216e+03	1		1		8.824936e-12			
3.5615578216e+03	1		2		1.471377e-11			
3.5615578216e+03	1		3		1.653194e-11			
3.5615578216e+03	1		4		1.766637e-11			
3.5615578216e+03	1		5		1.856499e-11			
3.5615578216e+03	1		6		1.954009e-11			
3.5615578216e+03	2		1		1.471377e-11			
3.5615578216e+03	2		2		3.301172e-11			
3.5615578216e+03	2		3		4.126177e-11			
3.5615578216e+03	2		4		4.617754e-11			
3.5615578216e+03	2		5		5.008771e-11			
3.5615578216e+03	2		6		5.433148e-11			
3.5615578216e+03	3		1		1.653194e-11			
3.5615578216e+03	3		2		4.126177e-11			
3.5615578216e+03	3		3		5.775033e-11			
3.5615578216e+03	3		4		6.818367e-11			
3.5615578216e+03	3		5		7.621468e-11			
3.5615578216e+03	3		6		8.496432e-11			
3.5615578216e+03	4		1		1.766637e-11			
3.5615578216e+03	4		2		4.617754e-11			
3.5615578216e+03	4		3		6.818367e-11			
3.5615578216e+03	4		4		8.587659e-11			
3.5615578216e+03	4		5		9.956203e-11			
3.5615578216e+03	4		6		1.141425e-10			
3.5615578216e+03	5		1		1.856499e-11			
3.5615578216e+03	5		2		5.008771e-11			
3.5615578216e+03	5		3		7.621468e-11			
3.5615578216e+03	5		4		9.956203e-11			
3.5615578216e+03	5		5		1.214186e-10			
3.5615578216e+03	5		6		1.444589e-10			
3.5615578216e+03	6		1		1.954009e-11			
3.5615578216e+03	6		2		5.433148e-11			
3.5615578216e+03	6		3		8.496432e-11			
3.5615578216e+03	6		4		1.141425e-10			
3.5615578216e+03	6		5		1.444589e-10			
3.5615578216e+03	6		6		1.836793e-10			
3.8815334474e+03	1		1		7.509291e-12			
3.8815334474e+03	1		2		1.252781e-11			
3.8815334474e+03	1		3		1.407605e-11			
3.8815334474e+03	1		4		1.504218e-11			
3.8815334474e+03	1		5		1.580749e-11			
3.8815334474e+03	1		6		1.663794e-11			
3.8815334474e+03	2		1		1.252781e-11			
3.8815334474e+03	2		2		2.823499e-11			
3.8815334474e+03	2		3		3.534914e-11			
3.8815334474e+03	2		4		3.958218e-11			
3.8815334474e+03	2		5		4.294984e-11			
3.8815334474e+03	2		6		4.660483e-11			
3.8815334474e+03	3		1		1.407605e-11			
3.8815334474e+03	3		2		3.534914e-11			
3.8815334474e+03	3		3		4.970873e-11			
3.8815334474e+03	3		4		5.880054e-11			
3.8815334474e+03	3		5		6.579233e-11			
3.8815334474e+03	3		6		7.341080e-11			
3.8815334474e+03	4		1		1.504218e-11			
3.8815334474e+03	4		2		3.958218e-11			
3.8815334474e+03	4		3		5.880054e-11			
3.8815334474e+03	4		4		7.435579e-11			
3.8815334474e+03	4		5		8.638212e-11			
3.8815334474e+03	4		6		9.918912e-11			
3.8815334474e+03	5		1		1.580749e-11			
3.8815334474e+03	5		2		4.294984e-11			
3.8815334474e+03	5		3		6.579233e-11			
3.8815334474e+03	5		4		8.638212e-11			
3.8815334474e+03	5		5		1.057256e-10			
3.8815334474e+03	5		6		1.261087e-10			
3.8815334474e+03	6		1		1.663794e-11			
3.8815334474e+03	6		2		4.660483e-11			
3.8815334474e+03	6		3		7.341080e-11			
3.8815334474e+03	6		4		9.918912e-11			
3.8815334474e+03	6		5		1.261087e-10			
3.8815334474e+03	6		6		1.609880e-10			
4.2302561569e+03	1		1		6.388452e-12			
4.2302561569e+03	1		2		1.065947e-11			
4.2302561569e+03	1		3		1.197603e-11			
4.2302561569e+03	1		4		1.279769e-11			
4.2302561569e+03	1		5		1.344856e-11			
4.2302561569e+03	1		6		1.415482e-11			
4.2302561569e+03	2		1		1.065947e-11			
4.2302561569e+03	2		2		2.410871e-11			
4.2302561569e+03	2		3		3.022369e-11			
4.2302561569e+03	2		4		3.385714e-11			
4.2302561569e+03	2		5		3.674827e-11			
4.2302561569e+03	2		6		3.988609e-11			
4.2302561569e+03	3		1		1.197603e-11			
4.2302561569e+03	3		2		3.022369e-11			
4.2302561569e+03	3		3		4.268190e-11			
4.2302561569e+03	3		4		5.057444e-11			
4.2302561569e+03	3		5		5.663777e-11			
4.2302561569e+03	3		6		6.324558e-11			
4.2302561569e+03	4		1		1.279769e-11			
4.2302561569e+03	4		2		3.385714e-11			
4.2302561569e+03	4		3		5.057444e-11			
4.2302561569e+03	4		4		6.420059e-11			
4.2302561569e+03	4		5		7.472991e-11			
4.2302561569e+03	4		6		8.593663e-11			
4.2302561569e+03	5		1		1.344856e-11			
4.2302561569e+03	5		2		3.674827e-11			
4.2302561569e+03	5		3		5.663777e-11			
4.2302561569e+03	5		4		7.472991e-11			
4.2302561569e+03	5		5		9.179752e-11			
4.2302561569e+03	5		6		1.097735e-10			
4.2302561569e+03	6		1		1.415482e-11			
4.2302561569e+03	6		2		3.988609e-11			
4.2302561569e+03	6		3		6.324558e-11			
4.2302561569e+03	6		4		8.593663e-11			
4.2302561569e+03	6		5		1.097735e-10			
4.2302561569e+03	6		6		1.407304e-10			
4.6103086307e+03	1		1		5.435353e-12			
4.6103086307e+03	1		2		9.066413e-12			
4.6103086307e+03	1		3		1.018482e-11			
4.6103086307e+03	1		4		1.088288e-11			
4.6103086307e+03	1		5		1.143584e-11			
4.6103086307e+03	1		6		1.203587e-11			
4.6103086307e+03	2		1		9.066413e-12			
4.6103086307e+03	2		2		2.055763e-11			
4.6103086307e+03	2		3		2.579899e-11			
4.6103086307e+03	2		4		2.890912e-11			
4.6103086307e+03	2		5		3.138425e-11			
4.6103086307e+03	2		6		3.407058e-11			
4.6103086307e+03	3		1		1.018482e-11			
4.6103086307e+03	3		2		2.579899e-11			
4.6103086307e+03	3		3		3.656905e-11			
4.6103086307e+03	3		4		4.339571e-11			
4.6103086307e+03	3		5		4.863455e-11			
4.6103086307e+03	3		6		5.434474e-11			
4.6103086307e+03	4		1		1.088288e-11			
4.6103086307e+03	4		2		2.890912e-11			
4.6103086307e+03	4		3		4.339571e-11			
4.6103086307e+03	4		4		5.528853e-11			
4.6103086307e+03	4		5		6.447310e-11			
4.6103086307e+03	4		6		7.424252e-11			
4.6103086307e+03	5		1		1.143584e-11			
4.6103086307e+03	5		2		3.138425e-11			
4.6103086307e+03	5		3		4.863455e-11			
4.6103086307e+03	5		4		6.447310e-11			
4.6103086307e+03	5		5		7.948479e-11			
4.6103086307e+03	5		6		9.528588e-11			
4.6103086307e+03	6		1		1.203587e-11			
4.6103086307e+03	6		2		3.407058e-11			
4.6103086307e+03	6		3		5.434474e-11			
4.6103086307e+03	6		4		7.424252e-11			
4.6103086307e+03	6		5		9.528588e-11			
4.6103086307e+03	6		6		1.227001e-10			
5.0245055813e+03	1		1		4.626218e-12			
5.0245055813e+03	1		2		7.710800e-12			
5.0245055813e+03	1		3		8.660190e-12			
5.0245055813e+03	1		4		9.252816e-12			
5.0245055813e+03	1		5		9.722256e-12			
5.0245055813e+03	1		6		1.023165e-11			
5.0245055813e+03	2		1		7.710800e-12			
5.0245055813e+03	2		2		1.751172e-11			
5.0245055813e+03	2		3		2.199350e-11			
5.0245055813e+03	2		4		2.464949e-11			
5.0245055813e+03	2		5		2.676354e-11			
5.0245055813e+03	2		6		2.905798e-11			
5.0245055813e+03	3		1		8.660190e-12			
5.0245055813e+03	3		2		2.199350e-11			
5.0245055813e+03	3		3		3.127366e-11			
5.0245055813e+03	3		4		3.715856e-11			
5.0245055813e+03	3		5		4.166968e-11			
5.0245055813e+03	3		6		4.658752e-11			
5.0245055813e+03	4		1		9.252816e-12			
5.0245055813e+03	4		2		2.464949e-11			
5.0245055813e+03	4		3		3.715856e-11			
5.0245055813e+03	4		4		4.750143e-11			
5.0245055813e+03	4		5		5.548400e-11			
5.0245055813e+03	4		6		6.396904e-11			
5.0245055813e+03	5		1		9.722256e-12			
5.0245055813e+03	5		2		2.676354e-11			
5.0245055813e+03	5		3		4.166968e-11			
5.0245055813e+03	5		4		5.548400e-11			
5.0245055813e+03	5		5		6.864422e-11			
5.0245055813e+03	5		6		8.248679e-11			
5.0245055813e+03	6		1		1.023165e-11			
5.0245055813e+03	6		2		2.905798e-11			
5.0245055813e+03	6		3		4.658752e-11			
5.0245055813e+03	6		4		6.396904e-11			
5.0245055813e+03	6		5		8.248679e-11			
5.0245055813e+03	6		6		1.067044e-10			
5.4759145989e+03	1		1		3.940319e-12			
5.4759145989e+03	1		2		6.559223e-12			
5.4759145989e+03	1		3		7.364761e-12			
5.4759145989e+03	1		4		7.867627e-12			
5.4759145989e+03	1		5		8.265967e-12			
5.4759145989e+03	1		6		8.698211e-12			
5.4759145989e+03	2		1		6.559223e-12			
5.4759145989e+03	2		2		1.490663e-11			
5.4759145989e+03	2		3		1.873138e-11			
5.4759145989e+03	2		4		2.099528e-11			
5.4759145989e+03	2		5		2.279752e-11			
5.4759145989e+03	2		6		2.475354e-11			
5.4759145989e+03	3		1		7.364761e-12			
5.4759145989e+03	3		2		1.873138e-11			
5.4759145989e+03	3		3		2.670430e-11			
5.4759145989e+03	3		4		3.176204e-11			
5.4759145989e+03	3		5		3.563476e-11			
5.4759145989e+03	3		6		3.985736e-11			
5.4759145989e+03	4		1		7.867627e-12			
5.4759145989e+03	4		2		2.099528e-11			
5.4759145989e+03	4		3		3.176204e-11			
5.4759145989e+03	4		4		4.072605e-11			
5.4759145989e+03	4		5		4.763984e-11			
5.4759145989e+03	4		6		5.498337e-11			
5.4759145989e+03	5		1		8.265967e-12			
5.4759145989e+03	5		2		2.279752e-11			
5.4759145989e+03	5		3		3.563476e-11			
5.4759145989e+03	5		4		4.763984e-11			
5.4759145989e+03	5		5		5.913883e-11			
5.4759145989e+03	5		6		7.122453e-11			
5.4759145989e+03	6		1		8.698211e-12			
5.4759145989e+03	6		2		2.475354e-11			
5.4759145989e+03	6		3		3.985736e-11			
5.4759145989e+03	6		4		5.498337e-11			
5.4759145989e+03	6		5		7.122453e-11			
5.4759145989e+03	6		6		9.256222e-11			
5.9678788708e+03	1		1		3.359686e-12			
5.9678788708e+03	1		2		5.582444e-12			
5.9678788708e+03	1		3		6.265735e-12			
5.9678788708e+03	1		4		6.692314e-12			
5.9678788708e+03	1		5		7.030223e-12			
5.9678788708e+03	1		6		7.396893e-12			
5.9678788708e+03	2		1		5.582444e-12			
5.9678788708e+03	2		2		1.268408e-11			
5.9678788708e+03	2		3		1.594298e-11			
5.9678788708e+03	2		4		1.786987e-11			
5.9678788708e+03	2		5		1.940403e-11			
5.9678788708e+03	2		6		2.106911e-11			
5.9678788708e+03	3		1		6.265735e-12			
5.9678788708e+03	3		2		1.594298e-11			
5.9678788708e+03	3		3		2.277538e-11			
5.9678788708e+03	3		4		2.711073e-11			
5.9678788708e+03	3		5		3.042667e-11			
5.9678788708e+03	3		6		3.404282e-11			
5.9678788708e+03	4		1		6.692314e-12			
5.9678788708e+03	4		2		1.786987e-11			
5.9678788708e+03	4		3		2.711073e-11			
5.9678788708e+03	4		4		3.485470e-11			
5.9678788708e+03	4		5		4.082337e-11			
5.9678788708e+03	4		6		4.715807e-11			
5.9678788708e+03	5		1		7.030223e-12			
5.9678788708e+03	5		2		1.940403e-11			
5.9678788708e+03	5		3		3.042667e-11			
5.9678788708e+03	5		4		4.082337e-11			
5.9678788708e+03	5		5		5.083798e-11			
5.9678788708e+03	5		6		6.135452e-11			
5.9678788708e+03	6		1		7.396893e-12			
5.9678788708e+03	6		2		2.106911e-11			
5.9678788708e+03	6		3		3.404282e-11			
5.9678788708e+03	6		4		4.715807e-11			
5.9678788708e+03	6		5		6.135452e-11			
5.9678788708e+03	6		6		8.010325e-11			
6.5040419409e+03	1		1		2.868815e-12			
6.5040419409e+03	1		2		4.755058e-12			
6.5040419409e+03	1		3		5.334593e-12			
6.5040419409e+03	1		4		5.696414e-12			
6.5040419409e+03	1		5		5.983025e-12			
6.5040419409e+03	1		6		6.294032e-12			
6.5040419409e+03	2		1		4.755058e-12			
6.5040419409e+03	2		2		1.079188e-11			
6.5040419409e+03	2		3		1.356529e-11			
6.5040419409e+03	2		4		1.520358e-11			
6.5040419409e+03	2		5		1.650811e-11			
6.5040419409e+03	2		6		1.792397e-11			
6.5040419409e+03	3		1		5.334593e-12			
6.5040419409e+03	3		2		1.356529e-11			
6.5040419409e+03	3		3		1.940775e-11			
6.5040419409e+03	3		4		2.311556e-11			
6.5040419409e+03	3		5		2.594851e-11			
6.5040419409e+03	3		6		2.903847e-11			
6.5040419409e+03	4		1		5.696414e-12			
6.5040419409e+03	4		2		1.520358e-11			
6.5040419409e+03	4		3		2.311556e-11			
6.5040419409e+03	4		4		2.978586e-11			
6.5040419409e+03	4		5		3.492336e-11			
6.5040419409e+03	4		6		4.037151e-11			
6.5040419409e+03	5		1		5.983025e-12			
6.5040419409e+03	5		2		1.650811e-11			
6.5040419409e+03	5		3		2.594851e-11			
6.5040419409e+03	5		4		3.492336e-11			
6.5040419409e+03	5		5		4.361758e-11			
6.5040419409e+03	5		6		5.273916e-11			
6.5040419409e+03	6		1		6.294032e-12			
6.5040419409e+03	6		2		1.792397e-11			
6.5040419409e+03	6		3		2.903847e-11			
6.5040419409e+03	6		4		4.037151e-11			
6.5040419409e+03	6		5		5.273916e-11			
6.5040419409e+03	6		6		6.916676e-11			
7.0883746947e+03	1		1		2.454371e-12			
7.0883746947e+03	1		2		4.055122e-12			
7.0883746947e+03	1		3		4.546682e-12			
7.0883746947e+03	1		4		4.853589e-12			
7.0883746947e+03	1		5		5.096701e-12			
7.0883746947e+03	1		6		5.360504e-12			
7.0883746947e+03	2		1		4.055122e-12			
7.0883746947e+03	2		2		9.183821e-12			
7.0883746947e+03	2		3		1.154199e-11			
7.0883746947e+03	2		4		1.293384e-11			
7.0883746947e+03	2		5		1.404226e-11			
7.0883746947e+03	2		6		1.524527e-11			
7.0883746947e+03	3		1		4.546682e-12			
7.0883746947e+03	3		2		1.154199e-11			
7.0883746947e+03	3		3		1.652918e-11			
7.0883746947e+03	3		4		1.969446e-11			
7.0883746947e+03	3		5		2.211049e-11			
7.0883746947e+03	3		6		2.474612e-11			
7.0883746947e+03	4		1		4.853589e-12			
7.0883746947e+03	4		2		1.293384e-11			
7.0883746947e+03	4		3		1.969446e-11			
7.0883746947e+03	4		4		2.542488e-11			
7.0883746947e+03	4		5		2.983536e-11			
7.0883746947e+03	4		6		3.450870e-11			
7.0883746947e+03	5		1		5.096701e-12			
7.0883746947e+03	5		2		1.404226e-11			
7.0883746947e+03	5		3		2.211049e-11			
7.0883746947e+03	5		4		2.983536e-11			
7.0883746947e+03	5		5		3.736062e-11			
7.0883746947e+03	5		6		4.524815e-11			
7.0883746947e+03	6		1		5.360504e-12			
7.0883746947e+03	6		2		1.524527e-11			
7.0883746947e+03	6		3		2.474612e-11			
7.0883746947e+03	6		4		3.450870e-11			
7.0883746947e+03	6		5		4.524815e-11			
7.0883746947e+03	6		6		5.960126e-11			
7.7252047680e+03	1		1		2.104912e-12			
7.7252047680e+03	1		2		3.463755e-12			
7.7252047680e+03	1		3		3.880794e-12			
7.7252047680e+03	1		4		4.141181e-12			
7.7252047680e+03	1		5		4.347442e-12			
7.7252047680e+03	1		6		4.571259e-12			
7.7252047680e+03	2		1		3.463755e-12			
7.7252047680e+03	2		2		7.819392e-12			
7.7252047680e+03	2		3		9.823240e-12			
7.7252047680e+03	2		4		1.100515e-11			
7.7252047680e+03	2		5		1.194646e-11			
7.7252047680e+03	2		6		1.296811e-11			
7.7252047680e+03	3		1		3.880794e-12			
7.7252047680e+03	3		2		9.823240e-12			
7.7252047680e+03	3		3		1.407451e-11			
7.7252047680e+03	3		4		1.677273e-11			
7.7252047680e+03	3		5		1.883039e-11			
7.7252047680e+03	3		6		2.107541e-11			
7.7252047680e+03	4		1		4.141181e-12			
7.7252047680e+03	4		2		1.100515e-11			
7.7252047680e+03	4		3		1.677273e-11			
7.7252047680e+03	4		4		2.168456e-11			
7.7252047680e+03	4		5		2.546235e-11			
7.7252047680e+03	4		6		2.946206e-11			
7.7252047680e+03	5		1		4.347442e-12			
7.7252047680e+03	5		2		1.194646e-11			
7.7252047680e+03	5		3		1.883039e-11			
7.7252047680e+03	5		4		2.546235e-11			
7.7252047680e+03	5		5		3.195773e-11			
7.7252047680e+03	5		6		3.875900e-11			
7.7252047680e+03	6		1		4.571259e-12			
7.7252047680e+03	6		2		1.296811e-11			
7.7252047680e+03	6		3		2.107541e-11			
7.7252047680e+03	6		4		2.946206e-11			
7.7252047680e+03	6		5		3.875900e-11			
7.7252047680e+03	6		6		5.126454e-11			
8.4192485976e+03	1		1		1.810635e-12			
8.4192485976e+03	1		2		2.964761e-12			
8.4192485976e+03	1		3		3.318741e-12			
8.4192485976e+03	1		4		3.539760e-12			
8.4192485976e+03	1		5		3.714837e-12			
8.4192485976e+03	1		6		3.904814e-12			
8.4192485976e+03	2		1		2.964761e-12			
8.4192485976e+03	2		2		6.663326e-12			
8.4192485976e+03	2		3		8.365427e-12			
8.4192485976e+03	2		4		9.368788e-12			
8.4192485976e+03	2		5		1.016796e-11			
8.4192485976e+03	2		6		1.103533e-11			
8.4192485976e+03	3		1		3.318741e-12			
8.4192485976e+03	3		2		8.365427e-12			
8.4192485976e+03	3		3		1.198561e-11			
8.4192485976e+03	3		4		1.428317e-11			
8.4192485976e+03	3		5		1.603388e-11			
8.4192485976e+03	3		6		1.794424e-11			
8.4192485976e+03	4		1		3.539760e-12			
8.4192485976e+03	4		2		9.368788e-12			
8.4192485976e+03	4		3		1.428317e-11			
8.4192485976e+03	4		4		1.848537e-11			
8.4192485976e+03	4		5		2.171516e-11			
8.4192485976e+03	4		6		2.513201e-11			
8.4192485976e+03	5		1		3.714837e-12			
8.4192485976e+03	5		2		1.016796e-11			
8.4192485976e+03	5		3		1.603388e-11			
8.4192485976e+03	5		4		2.171516e-11			
8.4192485976e+03	5		5		2.730753e-11			
8.4192485976e+03	5		6		3.315734e-11			
8.4192485976e+03	6		1		3.904814e-12			
8.4192485976e+03	6		2		1.103533e-11			
8.4192485976e+03	6		3		1.794424e-11			
8.4192485976e+03	6		4		2.513201e-11			
8.4192485976e+03	6		5		3.315734e-11			
8.4192485976e+03	6		6		4.402371e-11			
9.1756463519e+03	1		1		1.563152e-12			
9.1756463519e+03	1		2		2.544261e-12			
9.1756463519e+03	1		3		2.844945e-12			
9.1756463519e+03	1		4		3.032689e-12			
9.1756463519e+03	1		5		3.181407e-12			
9.1756463519e+03	1		6		3.342782e-12			
9.1756463519e+03	2		1		2.544261e-12			
9.1756463519e+03	2		2		5.685122e-12			
9.1756463519e+03	2		3		7.130643e-12			
9.1756463519e+03	2		4		7.982362e-12			
9.1756463519e+03	2		5		8.660793e-12			
9.1756463519e+03	2		6		9.397119e-12			
9.1756463519e+03	3		1		2.844945e-12			
9.1756463519e+03	3		2		7.130643e-12			
9.1756463519e+03	3		3		1.021113e-11			
9.1756463519e+03	3		4		1.216603e-11			
9.1756463519e+03	3		5		1.365457e-11			
9.1756463519e+03	3		6		1.527906e-11			
9.1756463519e+03	4		1		3.032689e-12			
9.1756463519e+03	4		2		7.982362e-12			
9.1756463519e+03	4		3		1.216603e-11			
9.1756463519e+03	4		4		1.575561e-11			
9.1756463519e+03	4		5		1.851274e-11			
9.1756463519e+03	4		6		2.142742e-11			
9.1756463519e+03	5		1		3.181407e-12			
9.1756463519e+03	5		2		8.660793e-12			
9.1756463519e+03	5		3		1.365457e-11			
9.1756463519e+03	5		4		1.851274e-11			
9.1756463519e+03	5		5		2.331703e-11			
9.1756463519e+03	5		6		2.833738e-11			
9.1756463519e+03	6		1		3.342782e-12			
9.1756463519e+03	6		2		9.397119e-12			
9.1756463519e+03	6		3		1.527906e-11			
9.1756463519e+03	6		4		2.142742e-11			
9.1756463519e+03	6		5		2.833738e-11			
9.1756463519e+03	6		6		3.775527e-11			
1.0000000000e+04	1		1		1.355297e-12			
1.0000000000e+04	1		2		2.190381e-12			
1.0000000000e+04	1		3		2.446079e-12			
1.0000000000e+04	1		4		2.605734e-12			
1.0000000000e+04	1		5		2.732202e-12			
1.0000000000e+04	1		6		2.869433e-12			
1.0000000000e+04	2		1		2.190381e-12			
1.0000000000e+04	2		2		4.858508e-12			
1.0000000000e+04	2		3		6.086145e-12			
1.0000000000e+04	2		4		6.809219e-12			
1.0000000000e+04	2		5		7.385205e-12			
1.0000000000e+04	2		6		8.010344e-12			
1.0000000000e+04	3		1		2.446079e-12			
1.0000000000e+04	3		2		6.086145e-12			
1.0000000000e+04	3		3		8.706133e-12			
1.0000000000e+04	3		4		1.036866e-11			
1.0000000000e+04	3		5		1.163380e-11			
1.0000000000e+04	3		6		1.301463e-11			
1.0000000000e+04	4		1		2.605734e-12			
1.0000000000e+04	4		2		6.809219e-12			
1.0000000000e+04	4		3		1.036866e-11			
1.0000000000e+04	4		4		1.343131e-11			
1.0000000000e+04	4		5		1.578227e-11			
1.0000000000e+04	4		6		1.826588e-11			
1.0000000000e+04	5		1		2.732202e-12			
1.0000000000e+04	5		2		7.385205e-12			
1.0000000000e+04	5		3		1.163380e-11			
1.0000000000e+04	5		4		1.578227e-11			
1.0000000000e+04	5		5		1.990177e-11			
1.0000000000e+04	5		6		2.420224e-11			
1.0000000000e+04	6		1		2.869433e-12			
1.0000000000e+04	6		2		8.010344e-12			
1.0000000000e+04	6		3		1.301463e-11			
1.0000000000e+04	6		4		1.826588e-11			
1.0000000000e+04	6		5		2.420224e-11			
1.0000000000e+04	6		6		3.234534e-11			
